name,phone,email,lead_id,created_at,country,department,campaign_id
Sylvia Steuer,+499224352991,eckart89@example.org,FB25010110_luVmUluKSYOtmWIr,2025-01-01 09:05:17,DE,MCC,129403682201
Alena Gnatz,+490773491982,kobelttillmann@example.net,FB25010110_HrhIz3UuyQ8If88U,2025-01-01 09:22:39,DE,MCC,124758392201
Mikael Borris Jepsen,004587805364,bachludvig@example.com,FB25010111_0wyRQ8iza7Jekl26,2025-01-01 10:14:58,DK,MCC,
Erdogan Ziegert,+493531226572,anatolstroh@example.com,FB25010111_6Ar4sEMgKzD7LSp6,2025-01-01 10:16:39,DE,MCC,124758392201
Karina Ziggy Bertelsen,+4575967231,ostergaardnora@example...com,FB25010111_zL9Mm2PS145MWGpK,2025-01-01 10:49:05,DK,MCC,129503672201
Elias Nilsson,+04148637,mikkelsencarina@example org,FB25010113_ytxUNY3DGIjnfEua,2025-01-01 12:35:55,DK,TELE,
Ali Geißler,4208,eklingelhoefer@example...com,FB25010114_Wh7xgoAuJWr60ngj,2025-01-01 13:25:16,DE,MCC,129403682201
Mercedes Schottin,+494294662036,junkenmagrit@example org,FB25010203_GRJ1CnEKXEmIZEhe,2025-01-02 02:49:59,DE,MCC,124758392201
Sonia Jens-Uwe Rosenow,+491370363583,van-der-dussenraissa@@example.org,FB25010214_KBLoTgqOfAl72T7h,2025-01-02 13:43:41,DE,MCC,129403682201
Line Danielsen,+4556260484,oscarsvendsen@example.org,FB25010219_83TRdJ8GXHwtabWG,2025-01-02 18:36:46,DK,MCC,126473852201
Vagn Kristoffersen,+4514428243,abelone82@example.net,FB25010220_UuWp0FqDBv7ZEweI,2025-01-02 19:25:09,DK,TELE,
Zenia Erling Jepsen,+4512062985,annemette06@example.net,FB25010222_3wV6s2PYFvW2tIAA,2025-01-02 21:55:19,DK,MCC,0
Aage Lind,+4541269454,olesenib@example com,FB25010223_6TUpkxNNRxGhyoVp,2025-01-02 22:11:36,DK,TELE,126473852201
Ziggy Eriksen,+4501992294,silje21@@example.com,FB25010223_Kdhs1OQV3qSJvsnl,2025-01-02 22:49:45,DK,MCC,124816932201
Zahra Bjarne Christiansen,74228974,sravn@example.com,FB25010223_oe8ppAr3KC7wmKwT,2025-01-02 22:52:40,DK,TELE,127391842201
Joan Iversen,+4536900429,johnsengeorg@example.com,FB25010300_Yb2LO4bn4fTZKXFY,2025-01-02 23:01:29,DK,MCC,128209572201
Carina Ortwin Bauer,+492983893901,trude60@example.org,FB25010302_5hnneLXcyeqZbLOB,2025-01-03 01:18:56,DE,TELE,129403682201
Hans-Walter Carmine Christoph,+495170266658,saban97@example.com,FB25010308_1ueYS67RLi2h48yR,2025-01-03 07:28:58,DE,MCC,
Victoria Nilsson,004500887347,christiansencurt@example.net,FB25010309_9RnisdBoiXG4y6xW,2025-01-03 08:38:47,DK,MCC,129503672201
Stina Skov,4554795011,janne09@example.com,FB25010310_rc6APd2PbFV3M8tt,2025-01-03 09:59:00,DK,MCC,127391842201
André Schmidt,+4508641249,thygesenkaspar@example.net,FB25010311_rztFx0mrTulfK2Ig,2025-01-03 10:19:26,DK,MCC,127391842201
Aage Østergaard,+88937101,rschou@example.net,FB25010312_1xvSHuOPxnuKCIVQ,2025-01-03 11:22:53,DK,TELE,129503672201
Karina Ziggy Andreasen,+4546027912,aiversen@example.net,FB25010312_pWbY1bLtsDaEs9p3,2025-01-03 11:39:05,DK,MCC,
Amanda Mortensen,+4579428362,laustjensen@example.net,FB25010313_Bw6WMN9YrBKdhdzT,2025-01-03 12:20:29,DK,MCC,
Margrethe Gregersen,4527291020,gpetersen@example.net,FB25010313_jt99dM4vppv2If1W,2025-01-03 12:22:23,DK,MCC,
Mike Carlsen,53041327,kurt53@example.com,FB25010315_YuVaePjX2roBeeYs,2025-01-03 14:19:29,DK,MCC,126473852201
Amanda Bach,+4580586860,yngvejakobsen@example.net,FB25010315_47fqv4iWRU5R1J5k,2025-01-03 14:50:08,DK,TELE,126473852201
Britta Lena Jeppesen,+4555697311,vbertelsen@example.org,FB25010317_SBNvxWbjxtCBQSB7,2025-01-03 16:21:52,DK,MCC,126473852201
Edith Mathiasen,+4534643354,ukjaer@example.com,FB25010317_d71B1HDsszOYXfBc,2025-01-03 16:59:35,DK,MCC,
Kristine Natalja Warmer,+498981021924,kruschwitzmargaretha@example.com,FB25010318_EPxx88oJlFzmrDK0,2025-01-03 17:13:48,DE,MCC,124758392201
Catrine Kjær,+4586683279,yngveovergaard@example.com,FB25010320_LU9pUrxbVuSAgpnE,2025-01-03 19:06:30,DK,MCC,129503672201
Bert Bauer,00494954039858,franca28@example.org,FB25010320_C4PBTitrdE02BAhz,2025-01-03 19:07:26,DE,MCC,129403682201
Jørgen Søndergaard,+4573354336,steenholst@example.net,FB25010321_oABbn0tpcyqnpg3N,2025-01-03 20:08:02,DK,MCC,126473852201
Yan Østergaard,+4585769104,norgaardemily@example.net,FB25010323_hXc0M9h05Nk9LSri,2025-01-03 22:29:00,DK,TELE,126473852201
Marianne Iversen,+4596352970,finnfrederiksen@example com,FB25010400_qhsQSK0h5DiJQlmq,2025-01-03 23:21:54,DK,MCC,126473852201
Holger Mie Madsen,+4540406500,joakim72@example...com,FB25010403_QqF3NTly4EvbeNno,2025-01-04 02:19:32,DK,MCC,
Åbjørn Noah Frandsen,+77914943,overgaardgrethe@example.net,FB25010408_C7OjcCJjMEBnpfYT,2025-01-04 07:14:33,DK,MCC,
Emily Åse Gregersen,4571050324,ntoft@example.com,FB25010408_5185FRMXVFLaigD8,2025-01-04 07:17:48,DK,MCC,126473852201
Josefine Sille Skov,+4515270279,vernerjakobsen@example.net,FB25010408_w7wTstHBFpv3rsiM,2025-01-04 07:29:24,DK,MCC,128209572201
Marliese Renner,+493061554035,ehlertanselm@@example.net,FB25010411_RWydbXKOsCV5RhnE,2025-01-04 10:23:30,DE,MCC,129403682201
Salvatore Adeline Etzler,+491601309576,othies@example.com,FB25010412_RUkLfSfoDPI859wM,2025-01-04 11:20:27,DE,MCC,124758392201
Tatiana Felix Benthin,+490812644755,horst-peterdrewes@example...org,FB25010412_buTSveu1I97S6MJi,2025-01-04 11:30:01,DE,MCC,124758392201
Troels Valdemar Olsen,4504128462,deriksen@example.com,FB25010415_5AjpdXGrfZBfaFY0,2025-01-04 14:56:10,DK,MCC,
Caroline Thygesen,11088550,vestergaardcirkeline@example.net,FB25010417_Ik6J5UlUrJ2VSkKG,2025-01-04 16:48:17,DK,MCC,
Theobald Etzler,9341428775,tklapp@example.org,FB25010420_xUAWqIvtTnZX4Peo,2025-01-04 19:00:21,DE,TELE,128574392201
Margot Kühnert,+492161951068,zhertrampf@example.com,FB25010420_YTKAaNN49Lv8RAX7,2025-01-04 19:41:32,DE,MCC,
Fatih Maurizio Beer,+2553300720,helmtrudstaude@example...com,FB25010421_0DNNTZncIpBfUw3i,2025-01-04 20:19:52,DE,MCC,129403682201
Emilie Olsen,+18541526,mollerjesper@example.org,FB25010509_bTalSTnfxll0egTb,2025-01-05 08:13:28,DK,MCC,127391842201
Marcus Catrine Winther,0260,steffensendaniel@example.com,FB25010509_2Q0Ffzj67PgkkvlN,2025-01-05 08:51:28,DK,MCC,126473852201
Kåre Kristoffersen,+74077818,ritadanielsen@example.org,FB25010510_8QenZVDlvw7btFHJ,2025-01-05 09:17:58,DK,MCC,6
Sönke Söding,494794405857,hettnerhannelore@example...net,FB25010510_BKrhoGPnv4gxpcCT,2025-01-05 09:23:43,DE,MCC,124758392201
Flemming Frank Henriksen,(+45)78153693,ditteiversen@example.org,FB25010510_cpfMy0qKylIHCtHD,2025-01-05 09:42:20,DK,MCC,
Eberhardt Weller,+497828335231,siglinde38@example.org,FB25010517_bBGmjb2MwfprZNC4,2025-01-05 16:55:37,DE,MCC,
Damian Krein,+493565783334,heinhelma@example net,FB25010518_qtRkZCPhHAJgkW70,2025-01-05 17:06:04,DE,MCC,126839472201
Annette Østergaard,+4555557810,finn73@example.net,FB25010518_f9QtEoNzFJSrW5LV,2025-01-05 17:26:09,DK,MCC,126473852201
Sanne Bruun,+4580341961,ebberavn@example.net,FB25010518_o1VbKtH5pCl0ssqk,2025-01-05 17:55:33,DK,MCC,127391842201
Randi Madsen,+4554654019,jarlfriis@example...net,FB25010521_ZUVOvIrOLId1XmiM,2025-01-05 20:29:36,DK,MCC,129503672201
Krzysztof Friedrich-Wilhelm Müller,493269679158,athanasios70@example.com,FB25010521_64dLMjRBfmHhELl5,2025-01-05 20:43:38,DE,MCC,
Zara Eric Christensen,+4581155601,yskov@example.org,FB25010608_ixQGEcKqBTyHi8lX,2025-01-06 07:29:29,DK,MCC,126473852201
Ronja Toft,+4557218501,gundhild88@example.net,FB25010609_Auiav8K0SSE98v87,2025-01-06 08:36:00,DK,TELE,126473852201
Nadia Nilsson,+4564084978,frederik42@example.org,FB25010611_ZVMMvRJ9J9iIRouz,2025-01-06 10:25:06,DK,MCC,126473852201
Ingrid Jano Schultz,+4591669524,carlsenfinn@example...org,FB25010611_c2VXLzrnRAzYCUen,2025-01-06 10:42:36,DK,MCC,
Maritta Herrmann,495818397760,ajuettner@example.net,FB25010612_zSvLYu3dKVoXmIZV,2025-01-06 11:39:48,DE,TELE,124758392201
Lotte Jessen,004539172017,kaspar37@example.com,FB25010613_SjUkYujq2MACCnjW,2025-01-06 12:53:24,DK,MCC,128209572201
Karen Bente Bruun,4591047933,uandersen@example.com,FB25010615_xsxtGmpt4QcTsyUE,2025-01-06 14:08:07,DK,TELE,129503672201
Bertil Madsen,+4537005965,tejssondergaard@example org,FB25010616_w7FK9pG6ZNRPT29y,2025-01-06 15:06:24,DK,TELE,126473852201
Gunnar Rasmussen,+4500358367,postergaard@example.org,FB25010617_iMRhbzzpVR3RMF0K,2025-01-06 16:37:45,DK,MCC,126473852201
Ida Johnsen,+40139659,pjohnsen@@example.com,FB25010621_rKQpUq8J2imPdB19,2025-01-06 20:14:15,DK,TELE,129503672201
Elin Jepsen,4529902677,qkoch@example.net,FB25010621_6L33vgXCjTn8t7Nz,2025-01-06 20:37:02,DK,MCC,127391842201
Caroline Dahl,+4592527461,noramathiesen@example.com,FB25010621_dGWAhinTpKsJCff0,2025-01-06 20:49:10,DK,MCC,124816932201
Wulf Dowerg,495487250555,marta44@example.net,FB25010622_d4eCGVNKSy1JQxFq,2025-01-06 21:14:49,DE,MCC,
Heidi Mogens Thomsen,+4594846862,rikkeandresen@example.com,FB25010622_mei3UW4gh6QzhGZ5,2025-01-06 21:14:53,DK,TELE,127391842201
Zahra Øjvind Jessen,+4528297830,christiansentine@example.com,FB25010622_V5kSVDwozXPrIW6r,2025-01-06 21:15:40,DK,MCC,
Sussie Lassen,+96537383,nick70@example.org,FB25010622_dbjZ8pebA4q2zuB1,2025-01-06 21:50:39,DK,TELE,
Patricia Nielsen,+4561780035,janjensen@example.org,FB25010623_41tkvuoGIWOjvqka,2025-01-06 22:52:12,DK,MCC,128209572201
Elsebeth Mathiasen,+4511899217,janopaulsen@example.net,FB25010700_zlLOvZd3vEBiTbwg,2025-01-06 23:23:52,DK,MCC,128209572201
Karin Hermansen,4506681588,ludvigolsen@example com,FB25010702_M3eJj7e3V0YQLUpE,2025-01-07 01:17:46,DK,MCC,126473852201
Patrick Laursen,+4571970479,zmadsen@example...com,FB25010711_jGVUfxYil43ta7jK,2025-01-07 10:40:16,DK,MCC,126473852201
Pedro Jockel,490220866537,abdullahlosekann@example.org,FB25010717_ozIP4WMFglXrnwvx,2025-01-07 16:09:08,DE,MCC,128574392201
Centa Jacob,5981403000,peer08@example.com,FB25010803_hu1rQes4qKlTQiu1,2025-01-08 02:59:09,DE,MCC,129403682201
Karlo Bruun,+4594198911,stina92@example.org,FB25010811_xV5io8SeiycoZyRM,2025-01-08 10:54:28,DK,TELE,127391842201
Erhard Juncken,87,ehenschel@example.com,FB25010813_8RZhmgqvVrYcTKkX,2025-01-08 12:40:51,DE,MCC,129403682201
Jonna Larsen,+4586360278,vestergaardcarl@example.org,FB25010817_7kwGOAjcmo2rR6UE,2025-01-08 16:22:03,DK,MCC,126473852201
Joerg Edelgard Liebelt,+499933431952,pamelamude@example.com,FB25010817_wBnzEy0mSb10q1Yz,2025-01-08 16:52:36,DE,MCC,124758392201
Willi Ring,497719518122,axelweinhold@@example.com,FB25010819_5gV6tPlJPBu2N94K,2025-01-08 18:38:28,DE,MCC,124758392201
Michael Søndergaard,+4553376567,gormrasmussen@example.net,FB25010823_DeM7YC5dCKd9RNpl,2025-01-08 22:45:12,DK,MCC,126473852201
Peder Holm,+4530792507,miagregersen@example.org,FB25010906_cpCEu3JZn86d2bUq,2025-01-09 05:24:24,DK,TELE,126473852201
Johnnie Knudsen,4954,kristoffersenkarina@example.net,FB25010907_m4frItrN5hnMMKCt,2025-01-09 06:25:41,DK,TELE,126473852201
Giovanni Schleich,+492091110758,konradruppersberger@example.org,FB25010911_mJ8xAooYJWCjlS2V,2025-01-09 10:04:28,DE,TELE,129403682201
Victor Timmy Bertelsen,+4516838535,minna88@example.net,FB25010913_f5AM99EPRycVlT12,2025-01-09 12:47:15,DK,MCC,129503672201
Cirkeline Lind,+4505688889,tom65@example.com,FB25010922_oF5g78dPj6LojyFc,2025-01-09 21:15:46,DK,MCC,126473852201
Benjamin Schmidt,+4564738569,annettelassen@example...org,FB25010922_4hsMBIQSxSKRjxQ1,2025-01-09 21:52:12,DK,MCC,128209572201
Alma Emilie Berg,+64640025,umathiesen@example.org,FB25010923_VZlKCH2ikenSs8t0,2025-01-09 22:14:12,DK,MCC,126473852201
Margaret Bettina Heser,+494254308132,gotthardalexa@example.org,FB25011007_tG0JEqjcVcuPKcsn,2025-01-10 06:04:11,DE,MCC,124758392201
Bernt Fröhlich,+494129159445,crosenow@example.com,FB25011007_l5Oe2SCl9XakA3HW,2025-01-10 06:19:42,DE,MCC,
Agnieszka Jungfer,00494642486693,ignatzschleich@example.net,FB25011008_936zeqSzp03pz72e,2025-01-10 07:19:28,DE,MCC,124758392201
Ingeburg Döhn,(+49)2153614321,upruschke@example.org,FB25011010_dOBJqAzUgkaLeA3d,2025-01-10 09:58:21,DE,TELE,126839472201
Heiderose Seifert,+491515537591,annamariafreudenberger@example.org,FB25011012_kaRMIQ17BlKEJbJz,2025-01-10 11:15:06,DE,MCC,124758392201
Jana Mühle,4363360165,preisszehra@example.org,FB25011012_aDYK23eDPON3aTes,2025-01-10 11:58:37,DE,MCC,129403682201
Frans Karlo Nørgaard,+4507452544,lholst@example.net,FB25011013_HIVyOUOXrsemXzdc,2025-01-10 12:52:55,DK,MCC,127391842201
Andrea Paulsen,+4524223906,annakristoffersen@example...net,FB25011014_AU4HWHKp4nlfkyvj,2025-01-10 13:38:54,DK,MCC,
Yda Lauritsen,53302526,bruno11@example.com,FB25011014_JeQQK1I9yauSg6BJ,2025-01-10 13:51:36,DK,MCC,126473852201
Viola Steven Carlsen,+4520371554,bechgunner@@example.com,FB25011015_Yf3hzw2jD194KoHc,2025-01-10 14:02:13,DK,MCC,
Tomislav Hamann,+498953061788,theklaaustermuehle@example.com,FB25011015_0rzY54IXjtDrzCHJ,2025-01-10 14:05:41,DE,TELE,124758392201
Trine Tage Jørgensen,+4585676773,zjeppesen@example.org,FB25011015_4mdw1OwX4wVnuyB0,2025-01-10 14:21:39,DK,MCC,129503672201
Benedikte Østergaard,+4572089456,erna82@example com,FB25011016_bxOyBKwuUSNsetbR,2025-01-10 15:46:53,DK,MCC,
Dursun André Tröst,+491050639675,christinditschlerin@example.com,FB25011017_LtmdkaPy7ePfxmFt,2025-01-10 16:19:21,DE,MCC,124758392201
Carlo Mathiasen,+4542454565,gfrederiksen@example.org,FB25011017_IYHsbZ3t2b5XiLj6,2025-01-10 16:33:55,DK,MCC,126473852201
Katrine Toft,+4578670934,karina63@example org,FB25011018_oI0a3vP99t5YmR5E,2025-01-10 17:05:39,DK,MCC, 
Kjeld Gert Jakobsen,+93556443,svenningschmidt@example.com,FB25011018_Ys9qIjfenFXBFNLc,2025-01-10 17:40:24,DK,MCC,124816932201
Peter Jack Lauritsen,+4595043346,nissenlone@example.com,FB25011019_jqHP5yMrpOltp8ds,2025-01-10 18:49:32,DK,MCC,128209572201
Dimitrios Jacob,+491917115962,juergen43@example.net,FB25011019_Jj8iLQtpJ3jpqzHI,2025-01-10 18:54:45,DE,MCC,124758392201
Maya Svendsen,+4529757116,ellen57@example.net,FB25011020_yljUIeT7472MnkIz,2025-01-10 19:04:33,DK,TELE,124816932201
Svenning Nielsen,+53984072,kpedersen@example.com,FB25011020_sjN3TG23bimVQbg8,2025-01-10 19:17:05,DK,MCC,12680000
Mia Knudsen,+4509802464,zkrogh@example.com,FB25011020_TBjQngReIrGJAMFC,2025-01-10 19:30:30,DK,MCC,126473852201
Majken Morten Klausen,4573098858,kirstin44@example.org,FB25011020_vMKa2qnCQTB7NFWc,2025-01-10 19:31:32,DK,MCC,126473852201
Carola Geisel,+496928421883,zdietz@example.com,FB25011021_8TLPiyFR5OSlW3hc,2025-01-10 20:49:44,DE,MCC,124758392201
Hjalte Mogensen,4505240029,hermansenalberte@example...com,FB25011022_yXek0PcRy6djXiuw,2025-01-10 21:30:32,DK,MCC,
Kirstine Xenia Karlsen,9,kjensen@example.com,FB25011022_JKvmO99nYBpEGcAO,2025-01-10 21:52:16,DK,MCC,
Yngve Andersen,+69131574,nbertelsen@example.net,FB25011023_GlKQxivSfgS4n1SL,2025-01-10 22:35:05,DK,MCC,129503672201
Verena Bruder,498463092231,rosenowgerda@example.net,FB25011101_fig6uwmi8ouepEBL,2025-01-11 00:40:12,DE,MCC,124758392201
Mathias Jacobsen,+4589597655,nora70@example.net,FB25011101_Kc9NbvevkEyjUItn,2025-01-11 00:40:56,DK,MCC,12680000
Klaus Martin Jakobsen,+4595829807,kjaerbenny@example.com,FB25011104_SQ5naLJRoxwSbv3P,2025-01-11 03:49:37,DK,TELE,
Paul Knudsen,+4597259501,ibenhansen@example.com,FB25011105_qRKG9Tx6JyPhslvB,2025-01-11 04:43:34,DK,MCC,129503672201
Emily Olsen,61702308,charlottepaulsen@example net,FB25011106_nS7f42NgebzCoQ3O,2025-01-11 05:13:53,DK,MCC,127391842201
Richard Jacqueline Dam,+38228560,klausenberit@example.com,FB25011106_cBiHnr4STHbtkirv,2025-01-11 05:20:16,DK,MCC,126473852201
Sarah Justina Bertelsen,+4586714070,ravnboje@example.org,FB25011107_FMSdRfLTci6EfMmE,2025-01-11 06:36:27,DK,MCC,129503672201
Martha Segebahn,+492059918567,scholtzditmar@@example.net,FB25011108_Dqcy9nRz1ZRkuWeD,2025-01-11 07:53:54,DE,MCC,124758392201
Christine Mia Toft,004506330643,hugonissen@example.org,FB25011110_tt5wceWGIWeksqQ6,2025-01-11 09:25:58,DK,MCC,127391842201
Nete Steven Carlsen,+99677073,gundhild34@example.net,FB25011111_97l8t05FYFGS8RvT,2025-01-11 10:45:36,DK,TELE,126473852201
Ronja Lauridsen,+4553910947,mschultz@example.org,FB25011113_I8OOKMCh9adDKMHt,2025-01-11 12:31:15,DK,MCC,
Kenneth Bertelsen,4566078882,stefanlassen@example.org,FB25011113_NLwWzKPRQFrZTNSn,2025-01-11 12:32:54,DK,MCC,129503672201
Herman Dahl,+4558771202,klara28@example.net,FB25011114_iCK5pL1wy4Bs2nHY,2025-01-11 13:15:29,DK,MCC,126473852201
Clara Eriksen,+4512133730,toftleif@example.com,FB25011121_bYA6p9ohF0EVyxNL,2025-01-11 20:17:47,DK,MCC,129503672201
Christina Nadia Vestergaard,+4583537923,olsenlasse@example.org,FB25011121_Vd0YDe04SpVBVfxF,2025-01-11 20:19:22,DK,MCC,128209572201
Veli Ziegert,(+49)3180593094,stadelmanncilli@example.org,FB25011121_6NzGs38YjyoXb2bu,2025-01-11 20:39:56,DE,MCC,129403682201
Bernd-Dieter Baldur Jäntsch,3493305956,irmelahecker@example.org,FB25011123_br6z2g3P92TLLSNS,2025-01-11 22:05:53,DE,MCC, 
Kasper Regitse Andresen,+4559904543,sorensenpatricia@example.net,FB25011200_luxby7QKF3XEZs2o,2025-01-11 23:14:57,DK,TELE,126473852201
Kaspar Andersen,38,winniemathiasen@example.org,FB25011202_6YCfg3CCl08t2bfo,2025-01-12 01:39:09,DK,MCC,129503672201
Helle Carlsen,+4557538345,mogensenfreja@example.org,FB25011203_8ce78sb0jK7onhEg,2025-01-12 02:53:03,DK,MCC,
Paul Petersen,+4504464413,sorensenjosephine@example.com,FB25011208_JXvpWaG7ec32e9Lz,2025-01-12 07:26:55,DK,MCC,127391842201
Jim Nissen,(+45)88847634,andrea66@example...org,FB25011208_z3xSoZgtiqPHQIb1,2025-01-12 07:40:03,DK,MCC, 
Jacqueline Nick Thomsen,+4537396005,zehnianielsen@example.com,FB25011209_ggD5E2BhUXTL4dTy,2025-01-12 07:59:58,DK,MCC,124816932201
Johnny Mathiesen,(+45)32432689,nora50@example.com,FB25011209_7OB9LjEixd670hsh,2025-01-12 08:01:46,DK,MCC,
Olga Kristiansen,+4526545660,friisgunner@example.com,FB25011209_qM2WjXWclQIIveB5,2025-01-12 08:12:32,DK,MCC,
Michaela Richard auch Schlauchin,+492331423487,qroskoth@example...org,FB25011212_I7OBW6G30skuPGyu,2025-01-12 11:19:09,DE,MCC,124758392201
Sonja Lassen,4563836273,ericbertelsen@example.org,FB25011212_rNHxb0yNsUgsseJn,2025-01-12 11:34:22,DK,MCC,
Joakim Lea Lassen,+4598351825,hnielsen@example.net,FB25011212_GCml5uUj66c8SwgY,2025-01-12 11:39:27,DK,MCC,
Svenning Nielsen,+4572701570,ykrogh@example org,FB25011213_4JLEpleTLt4euQIj,2025-01-12 12:38:50,DK,MCC,126473852201
Caroline Holm,+36932951,jorgensensvenning@example.net,FB25011214_9WOYacaM1cnqyFZA,2025-01-12 13:28:25,DK,MCC,124816932201
Bertram Nissen,4596017744,pfrandsen@example.com,FB25011214_GwHWbp7jGl4Skz2m,2025-01-12 13:55:01,DK,MCC,126473852201
Nete Bach,004579236283,nlauritsen@example.org,FB25011215_0i05bOPieH0ucVmE,2025-01-12 14:50:02,DK,TELE,
Lars Holst,+4572999271,frandsenkenny@example.org,FB25011216_py3Z5TQtEgr1RpV1,2025-01-12 15:51:47,DK,MCC,
Nicoline Dorte Frandsen,+4536484103,niels66@example.org,FB25011217_am9fBwi8r4w2jZOi,2025-01-12 16:01:12,DK,MCC,127391842201
Mark Sten Danielsen,+4584737544,jepsensonny@example net,FB25011217_x0PViv01EDpliufs,2025-01-12 16:16:58,DK,MCC,127391842201
Kenny Karin Bach,+4518343816,johanovergaard@example.net,FB25011218_b7ssF9k5nl6ugqh8,2025-01-12 17:56:04,DK,MCC,127391842201
Hatice Karge,+496031867997,bmaelzer@example.net,FB25011219_RDc6W9BNP0jt9nkp,2025-01-12 18:25:52,DE,TELE,124758392201
Sten Kjeldsen,+10463843,skoch@example...com,FB25011220_WjP17ngdPUisjS7D,2025-01-12 19:16:26,DK,TELE,
Valerie Mende,9409,uhess@example...net,FB25011223_oY1anKw70DjhEa4y,2025-01-12 22:18:45,DE,MCC,129403682201
Ole Kristensen,42857269,vnissen@example.net,FB25011308_FMSNn6PgUEiEoAxo,2025-01-13 07:26:58,DK,MCC,126473852201
Benita Carsten,+492159797941,ahmedgunpf@example.net,FB25011308_QvFRqsmBw17w5hsS,2025-01-13 07:34:49,DE,MCC,124758392201
Ingbert Wesack,+494082848764,ehering@example.org,FB25011308_Zh1P2upczk0SHg1G,2025-01-13 07:55:51,DE,TELE,124758392201
Reinhold Hertrampf,+2270462973,segebahndietlind@@example.com,FB25011310_cU4VmmxdFfB4Sbz0,2025-01-13 08:12:12,DE,MCC,129403682201
Mathilde Petersen,+4509750852,henriksenkristina@example.net,FB25011310_gbt2ZzYRpRHz2yDt,2025-01-13 09:36:48,DK,MCC,124816932201
Ina Schomber,+497124503911,zfreudenberger@example.net,FB25011310_hJ789TxT4y38EXZ8,2025-01-13 09:49:49,DE,MCC,126839472201
Connie Lauritsen,(+45)99499001,kskov@example.net,FB25011311_VLd0zmagpodl9MWS,2025-01-13 10:23:36,DK,MCC,
Victoria Olesen,+4566944377,kthomsen@example.com,FB25011312_4AHyAaHHFkv5Iph2,2025-01-13 11:29:22,DK,TELE,128209572201
Grete Winni Mathiasen,+4569278571,paulaknudsen@example.org,FB25011312_x1gPQLD2NQZ7qj00,2025-01-13 11:37:01,DK,MCC,126473852201
Dorothe Spieß,+490128796497,karl-ludwigscholl@example.org,FB25011313_kkERt5o1iCvsNKgX,2025-01-13 12:21:31,DE,MCC,129403682201
Benedicte Jespersen,+4567085551,olsenjorgen@@example.com,FB25011313_zUAXNoqw9QcQtXEU,2025-01-13 12:25:13,DK,MCC,129503672201
Ivan Nørgaard,+4544611087,jessenbenedicte@example.com,FB25011314_2ePciOqKNpCFyxyZ,2025-01-13 13:40:01,DK,MCC,
Inka Döhn,+494187493525,alexsteckel@example.net,FB25011315_NBskRFpxBA5CFbX2,2025-01-13 14:36:53,DE,MCC,129403682201
Anne-Rose Guenter Wende,+498717654124,diethelm62@example.com,FB25011321_nu1ivOOg5biB38Tg,2025-01-13 20:31:17,DE,MCC,129403682201
Stine Vestergaard,+4512849648,gunhildnilsson@example.org,FB25011414_r80FTzc1T0mJODXk,2025-01-14 13:22:17,DK,MCC,127391842201
Karl-Otto Schinke,496628222081,desireehaering@example.net,FB25011415_vTlrvXPssF0px7DC,2025-01-14 14:47:12,DE,TELE,128574392201
Lilli Wende,+498550973387,ufinke@example.net,FB25011416_45Z8TKVWYq9YSXwS,2025-01-14 15:56:47,DE,TELE,
Maurizio Steinberg,+492397468179,oliver33@example...org,FB25011419_vIK8xER6BGmeAlXi,2025-01-14 18:11:04,DE,MCC,
Keld Lauridsen,+4504857214,kjeld97@example.net,FB25011420_FwdqD96WulA83kCZ,2025-01-14 19:03:46,DK,TELE,127391842201
Anne Hermansen,+4521659974,heidimathiasen@example.org,FB25011509_EOLpWPgrcB0T2kBM,2025-01-15 08:47:11,DK,MCC,127391842201
Margaretha Niklas Sager,+499846867932,monikakraushaar@@example.net,FB25011510_b0A4Hi6YJIFozpgN,2025-01-15 09:33:35,DE,TELE,129403682201
Renata Mosemann,+9211645482,heidrichfranz@example.com,FB25011510_cx8214Sb6X0GDfhi,2025-01-15 09:34:18,DE,MCC,
Zehnia Jensen,+4595629027,johannes46@example.net,FB25011511_rFsuPQz17Rxr6HcE,2025-01-15 10:54:21,DK,TELE,128209572201
Janne Jensen,+4507936275,henrikkrogh@example.org,FB25011514_vqXQXPxYYZakAO2H,2025-01-15 13:54:02,DK,MCC,
Zita Heintze,8495050817,ldehmel@example.net,FB25011518_is0VBKBydfEa9QtL,2025-01-15 17:45:59,DE,MCC,126839472201
Jano Alf Kristoffersen,+4530151625,annemettedahl@example net,FB25011520_61EsdPIKgPh8gLVw,2025-01-15 19:25:21,DK,MCC,126473852201
Justus Traude Stolze,492536642706,baerermarit@example.net,FB25011522_M3dtd9PXur3LTzeF,2025-01-15 21:04:51,DE,MCC,128574392201
Birte Steffensen,+4571642291,anton04@example.org,FB25011522_D63Y1Q7tsfMskUIA,2025-01-15 21:08:40,DK,TELE,129503672201
Ole Frederiksen,4502258793,nknudsen@example.org,FB25011523_rDW1Qp3R37xnjv17,2025-01-15 22:24:58,DK,MCC,126473852201
Nora Schultz,+4505772120,troelsandresen@example com,FB25011600_ZxuBDTuMzWEPsUVw,2025-01-15 23:32:08,DK,MCC,
Minna Toft,+4527595227,lberg@example.com,FB25011600_QxmmMYhpjgSdFLGY,2025-01-15 23:50:08,DK,MCC, 
Jörg-Peter Gordana Müller,+494235879535,ellyjessel@example.org,FB25011603_d0uRhdbDFTRZVzJ2,2025-01-16 02:20:08,DE,MCC,
Nete Dam,+4513466833,samlind@example...net,FB25011606_RADg2Rnab2rRDXzS,2025-01-16 05:55:22,DK,MCC,124816932201
Flemming Jonna Jessen,+4553018966,amalienorgaard@example.net,FB25011607_1pA8aHwncoeLj0do,2025-01-16 06:55:53,DK,MCC,
Agnete Petersen,+4509116774,freja17@example.org,FB25011608_PBGHhGc4Pt8tygwV,2025-01-16 07:12:59,DK,MCC,
Jenny Kristensen,+4539407106,qchristensen@example.org,FB25011608_vYl1Nos393qbP4pt,2025-01-16 07:26:02,DK,TELE,
Silja Katherina Scholl,+497331575459,janine46@example.com,FB25011609_jC8Edm7VQJCoMCOZ,2025-01-16 08:04:52,DE,MCC,126839472201
Karla Peter Pedersen,+4555079851,tejsmortensen@example.com,FB25011609_4ijzEVcBSOu0Ccvn,2025-01-16 08:14:54,DK,MCC,126473852201
Helen Bech,+4574238938,vestergaardronnie@example.com,FB25011609_nVdzyTGuT4nsvtdC,2025-01-16 08:18:12,DK,MCC,126473852201
Ulrik Børge Schmidt,+4591680019,karen89@example com,FB25011609_sYDBnbx0FjsEG2c6,2025-01-16 08:22:07,DK,MCC,12680000
Herman Mortensen,+4508971772,gustavjakobsen@example.com,FB25011609_Gk8hfsBrAlHHEyjD,2025-01-16 08:34:40,DK,MCC,126473852201
Philip Allan Mathiesen,1,lindhjalte@example.org,FB25011609_79tNqJi6sTeRuqEl,2025-01-16 08:42:46,DK,MCC,126473852201
Camilla Kjær,4595038810,ove36@example.org,FB25011610_c54QrKEHSIhOBgyY,2025-01-16 09:06:56,DK,MCC,129503672201
Karen Skov,+4518812195,ohermansen@@example.net,FB25011610_EMWK37K4WQVtotEH,2025-01-16 09:12:06,DK,MCC,129503672201
Mike Østergaard,+4544935377,mikael53@example.org,FB25011612_vYxZlHk4mtGInWGi,2025-01-16 11:26:12,DK,TELE,126473852201
Kåre Paulsen,+4551899279,pedersenholger@example.org,FB25011612_ckA5GMkH7PDWPP6l,2025-01-16 11:40:53,DK,MCC,128209572201
Ida Nørgaard,(+45)92313862,jensenjorgen@example...com,FB25011614_lYEFgi1ax8UNC67I,2025-01-16 13:13:19,DK,MCC,126473852201
Rosa Schmidt,+4598458433,ove88@example...org,FB25011616_OCAVD6f7uxhgTZg7,2025-01-16 15:48:36,DK,MCC,127391842201
Clavs Katrine Kristoffersen,+58503471,cathrine03@example.net,FB25011617_WsT8sQdZo8NJvWcv,2025-01-16 16:59:13,DK,TELE,
Dagny Pedersen,+4560017026,xolesen@example.org,FB25011618_QVBY2AUQRE5Uz0Q9,2025-01-16 17:45:30,DK,MCC,0
Louise Laursen,(+45)46299417,grethe00@example.org,FB25011621_PUK7oGVW5U6NElaJ,2025-01-16 20:07:03,DK,MCC,
Karoline Sørensen,+4509749548,oliverandreasen@example.org,FB25011623_4cpISedzad1k3Jn0,2025-01-16 22:01:37,DK,MCC,
Hans-Jörg Kensy,+491198660758,austermuehletraute@example.com,FB25011623_17FALGuoKcDetl4K,2025-01-16 22:21:53,DE,MCC,124758392201
Esben Christiansen,+4513512017,frederiksenjim@example.org,FB25011623_38MjLZ20dmWTK6jh,2025-01-16 22:43:50,DK,MCC,126473852201
Friedrich Gertz,(+49)4751462638,fadime24@example.org,FB25011704_PA5SCmtWi2mSlNpG,2025-01-17 03:38:37,DE,MCC,
Kirstin Borris Sørensen,+4571974694,zenia66@example...com,FB25011706_jXJ8r8N0DzCmpSn3,2025-01-17 05:34:44,DK,MCC,
Aleksander Ditschlerin,+492820893333,mdrubin@example.com,FB25011707_KxSK33sB1sUxZ2yB,2025-01-17 06:00:19,DE,MCC,129403682201
Zacharias Ravn,+4588107566,polesen@example.net,FB25011707_05f7T28Fq5r6Ln1e,2025-01-17 06:01:15,DK,TELE,
Gerda Benny Nissen,+4521375033,birtheklausen@example.org,FB25011707_wyq1lG726St2KgjB,2025-01-17 06:02:45,DK,MCC,129503672201
Rebecca Lind,+4537427680,nicklas07@example.com,FB25011708_TL5ycKeb1pT0TGIr,2025-01-17 07:01:38,DK,MCC,129503672201
Rune Rasmussen,4510891945,olfert61@example.org,FB25011708_uF0zoPMPmb1uszDZ,2025-01-17 07:53:32,DK,TELE,
Jytte Poulsen,4557252161,nicolinethorsen@example.net,FB25011709_5SODozYsU2Z0RTw0,2025-01-17 08:25:31,DK,MCC,129503672201
Mikkel Poulsen,4597453132,natashahermansen@example.org,FB25011709_Cwe9fEyQk5RiUBDs,2025-01-17 08:26:18,DK,MCC,
William Emily Winther,+72200310,elisabeth54@example.com,FB25011709_MiACCYCnIFampE60,2025-01-17 08:34:46,DK,MCC,127391842201
Olfert Bertelsen,+4588093351,bgregersen@example.org,FB25011709_IvKhJ2UOTIFOj4q9,2025-01-17 08:42:57,DK,TELE,126473852201
Dorte Jespersen,+4568552893,allanknudsen@example.org,FB25011709_Sfa1DbyhmzZqmavz,2025-01-17 08:49:39,DK,MCC,127391842201
Oskar Øvli Vestergaard,47338421,fjessen@example.net,FB25011710_IjAue2NxvZ2W7HSw,2025-01-17 09:33:36,DK,MCC,126473852201
Nana Jespersen,+4557901041,mathiesendina@example.com,FB25011710_8Fsc4RqoccdSceik,2025-01-17 09:46:17,DK,TELE,126473852201
Birgit Lund,4567299516,fkristoffersen@@example.net,FB25011710_1WNS8WSUm1uir0iZ,2025-01-17 09:51:40,DK,MCC,127391842201
Ronni Pedersen,+4564170023,holstotto@example...org,FB25011711_3Lm8wEqCQrjTbwk9,2025-01-17 10:49:27,DK,MCC,127391842201
Simon Ingrid Friis,+4549545815,stigandresen@example.net,FB25011713_V1h1wuKPZ8HmIO8o,2025-01-17 12:28:20,DK,MCC,126473852201
Rasmus Lassen,+4595423041,conniejespersen@example.com,FB25011714_zoBrEeYAD96vzTIn,2025-01-17 13:18:03,DK,MCC,124816932201
Nicoline Simonsen,+76547576,mikekjaer@example.com,FB25011714_QIJvOb3YMHMC1lq0,2025-01-17 13:55:24,DK,TELE,127391842201
Nikolai Schou,004532531711,boesimonsen@example.net,FB25011715_dU2C7CCE2hyarkuW,2025-01-17 14:50:00,DK,MCC,128209572201
Elmar Vincent Wagenknecht,+496330553313,mendegabriella@example.org,FB25011716_UNLLdDNofsGwu2gN,2025-01-17 15:24:48,DE,MCC,124758392201
Kirstin Winther,+4509112566,lknudsen@example...com,FB25011716_iSDm04eWvnPatDCe,2025-01-17 15:30:19,DK,MCC,127391842201
Connie Clausen,+4598443252,nielsenthea@example.com,FB25011717_GxFzp8b5RoOWLiYR,2025-01-17 16:21:40,DK,MCC,126473852201
Odeline Grete Søndergaard,+4585562109,jakobsenlouise@example.org,FB25011718_1bdigzTqLffT5c9N,2025-01-17 17:07:14,DK,MCC,127391842201
Anton Rasmussen,+4503731624,mkoch@example.com,FB25011718_wqjxBxJ2ouNX63JF,2025-01-17 17:57:53,DK,MCC,0
Ane Sørensen,+76080466,merete61@example.org,FB25011719_N2T6OZi5T0Y76WJE,2025-01-17 18:34:31,DK,MCC,126473852201
Viola Mortensen,4578699022,astridjeppesen@example.com,FB25011722_qG7pL2mX0LVqrqk3,2025-01-17 20:59:59,DK,MCC,126473852201
Carsten Kristiansen,4551130285,toftdanny@example.net,FB25011800_15WrwDUtdDPI84Qm,2025-01-17 23:10:41,DK,MCC,124816932201
Matthias Berg,+4515554190,tom66@@example.net,FB25011803_eNTZyp7r9fz4KFDa,2025-01-18 02:50:16,DK,MCC,
Jon Hansen,+4592560086,kenny84@example.org,FB25011805_Pt6h9YWMfXss4blr,2025-01-18 04:46:18,DK,MCC, 
Frida Kobelt,+491685442381,eberhardthenrik@example.net,FB25011808_QyqhiNkfd9dF5CI8,2025-01-18 07:26:05,DE,MCC,
Margrethe Johnsen,+4587975023,dahltine@example.com,FB25011808_dD7mxPaw0eG9MEDP,2025-01-18 07:42:35,DK,MCC,126473852201
Jenny Thygesen,+4546880984,christensenkjeld@example net,FB25011809_rLJXz3sklMKvwiXH,2025-01-18 08:27:59,DK,MCC,128209572201
Odette Klausen,+4523436482,jbertelsen@example.net,FB25011809_VMAqJTdm6EEu7LMR,2025-01-18 08:54:38,DK,TELE,126473852201
Nanna Andersen,004525247895,holmhjalte@example.org,FB25011810_lQfM10Tyxo21e5g0,2025-01-18 09:26:40,DK,MCC,
Claus-Peter Kohl,+496476775750,mielcarekconstance@example.com,FB25011812_PTUoS0f0DNWGx9jG,2025-01-18 11:11:54,DE,MCC,129403682201
Karin Erling Dahl,4503619138,malou93@example.org,FB25011813_LiwWcMkHoAHWeq12,2025-01-18 12:32:43,DK,MCC,127391842201
Åge Jørgensen,99756924,clarsen@example.org,FB25011815_L2z95D6ZuITEwbD9,2025-01-18 14:44:13,DK,MCC,
Walfried Paulo Döhn,+490953151837,amentzel@example org,FB25011815_RyFT5oNz7BX91OQb,2025-01-18 14:56:26,DE,MCC,124758392201
Babette Peukert,499121401657,drubinpaola@example.com,FB25011817_TNIbRiAu7kHb0tKH,2025-01-18 16:01:00,DE,MCC,128574392201
Albert Johansen,+4508871434,malenejorgensen@example...com,FB25011817_iU8YNuWNViyGnbNJ,2025-01-18 16:07:35,DK,MCC,126473852201
Bertil Mathiasen,4582334387,ottobach@example.com,FB25011817_mpQPbdic5TeY6TrV,2025-01-18 16:29:22,DK,MCC,126473852201
Gert Lind,+4588985945,karsten58@example.org,FB25011817_O63n09sTMVQeZSgK,2025-01-18 16:56:18,DK,MCC,
Ruben Victoria Østergaard,+4516221661,pernilleandersen@example.net,FB25011818_ZqsE9ewa0P2vZxpE,2025-01-18 17:26:40,DK,MCC,
Frede Kristensen,+4576857441,clara57@example.org,FB25011819_nQxaCRsigORX1YkA,2025-01-18 18:26:08,DK,MCC,
Gunnar Andresen,+4594921797,thygesenabelone@example.org,FB25011820_sAz1E0ozyq4V8YMn,2025-01-18 19:16:23,DK,MCC,124816932201
Louise Christensen,+4537839895,mbach@example.org,FB25011820_AuGtefmYAWDz402f,2025-01-18 19:52:24,DK,MCC,126473852201
Nick Henriksen,+4540436752,schoukirstin@example.net,FB25011821_SRrrGM56BVCyB4yy,2025-01-18 20:02:59,DK,TELE,126473852201
Alfredo Rena Cichorius,+495856050221,hadolph@example.net,FB25011821_1yuamGuV41ki0WEd,2025-01-18 20:34:36,DE,TELE,129403682201
Antonio Stey,00497113821488,nikolasspeer@example.com,FB25011911_q1nqJemlCp6Izbky,2025-01-19 10:50:24,DE,MCC,126839472201
Veronica Krebs,+496380025902,wdoerschner@example.org,FB25011912_SwedkLbQmfEK66tb,2025-01-19 11:08:41,DE,TELE,124758392201
Niko Krebs,+490606988855,wilfriede33@example net,FB25011921_cyD3NTnDXKT8LdTU,2025-01-19 20:49:48,DE,MCC,
Britta Dam,97845702,cbech@example.org,FB25012007_MJsk2rD5htqeS2jz,2025-01-20 06:44:38,DK,MCC,127391842201
Kim Andreasen,+72493636,simonmikkelsen@example.net,FB25012008_ywvVOaEMO7yfOhc2,2025-01-20 07:34:14,DK,MCC,124816932201
Signe Holst,+4516763817,bruunmimi@example.net,FB25012008_g4oi13WDJKDA4jCU,2025-01-20 07:54:59,DK,TELE,126473852201
Boe Winther,+4539147036,ejensen@example.com,FB25012010_zW5hNFJqa34lzyyh,2025-01-20 09:55:48,DK,MCC,126473852201
Silje Emma Dam,+4587450388,hjeppesen@example.com,FB25012011_m5RooGBhxiX87HVm,2025-01-20 10:44:20,DK,MCC,
Jenny Schmidt,+4556722807,borris20@example.net,FB25012012_Fm1lFA0AXr7Sv96l,2025-01-20 11:45:06,DK,MCC,
Korbinian Rörricht,+493234154486,hannastiebitz@example.net,FB25012013_2hbnDRd7X4EdrceL,2025-01-20 12:42:56,DE,MCC,124758392201
Nicolaj Poulsen,+4511451148,morten25@example.com,FB25012013_nf2yX902ft3yaaN8,2025-01-20 12:56:42,DK,TELE,127391842201
Riza Cetin Schmidt,+497569359513,tamarabaum@example.com,FB25012014_k1GDK5dtIW7B9qhg,2025-01-20 13:03:03,DE,MCC,124758392201
Cristina Conradi,+9764252115,ackermannfernando@example com,FB25012017_CqtrnBsHiDO5NkkU,2025-01-20 16:23:29,DE,MCC,124758392201
Ellen Lasse Østergaard,"+4563016831, +4514574825",mikkelseninge@example.com,FB25012017_oacx49awsJiY8k9e,2025-01-20 16:51:25,DK,MCC,126473852201
Claus-Dieter Iwona Gierschner,+494126696726,botto@example.com,FB25012018_M83L5LXfWvV18cUC,2025-01-20 17:48:14,DE,MCC,
Britt Niemeier,+494227313739,hartungutz@example.net,FB25012019_tndohxTXuz3QbqDA,2025-01-20 18:02:24,DE,TELE,128574392201
Laura Oskar Brandt,49149669,emilie75@example.net,FB25012021_b7OS6X7AQ1uMjaHp,2025-01-20 20:48:36,DK,MCC,128209572201
Gundhild Ole Jeppesen,+4589947236,tammyschou@example.com,FB25012021_wN6IsT7VpYIlqQdV,2025-01-20 20:54:55,DK,MCC,12680000
Margrethe Jørgensen,+4529808061,vnorgaard@example.net,FB25012022_xygHJbz2RsgKJHbk,2025-01-20 21:05:59,DK,TELE,
Jano Mikkelsen,+4526716216,berta01@example.org,FB25012022_3GYxYczSAyFJqiZQ,2025-01-20 21:23:24,DK,MCC,129503672201
James Østergaard,+4538121822,laus66@example.org,FB25012022_uvPo5TGexjiUH9EY,2025-01-20 21:37:30,DK,MCC,
Sussie Mathiesen,+4561072283,thygesencirkeline@example.org,FB25012022_MBhVMyi5weqSsRAh,2025-01-20 21:37:38,DK,MCC,126473852201
Dorthe Ravn,+4559733703,tbertelsen@example.com,FB25012103_sGdTSWQ7wc56OSn6,2025-01-21 02:01:47,DK,MCC,126473852201
Kåre Bruno Lauridsen,4556164385,phansen@example.org,FB25012107_qbTIWBffVKaJHJ05,2025-01-21 06:07:18,DK,MCC,129503672201
Maja Dagmar Schou,+4538302984,wthorsen@example net,FB25012108_2YjUZsg4YJ4diooi,2025-01-21 07:02:53,DK,MCC,12345
Liva Andresen,+4598109633,sondergaardsolveig@example.com,FB25012108_wzBS4hQ3D2wj1zm6,2025-01-21 07:46:10,DK,TELE,
Øystein Curt Knudsen,+4561063520,bitten64@example.net,FB25012108_B4j0a7yloXOCr9Wk,2025-01-21 07:46:27,DK,MCC,126473852201
Finn Jessen,+4515614181,adanielsen@@example.org,FB25012108_56DMzlDxqaLL663r,2025-01-21 07:49:02,DK,TELE,127391842201
Mie Bruun,+4521283422,schultznanni@example.org,FB25012114_wT3I0TxSH4kFTiuY,2025-01-21 13:04:02,DK,MCC,126473852201
Leonora Kristensen,+4517017415,majkenjensen@example...com,FB25012115_w78WE8ANU4vVnrAt,2025-01-21 14:01:54,DK,MCC,
Bertil Jacobsen,004569490989,amanda71@example.com,FB25012115_lJycA2AlscyfMxWV,2025-01-21 14:50:18,DK,TELE,126473852201
Jon Sørensen,+4533066507,gert12@example.org,FB25012116_W8gnla4mx9EYVkrf,2025-01-21 15:51:21,DK,MCC,
Kristine Olsen,+4550594686,maloujessen@example.net,FB25012117_KLCLdsMnTBy3nZER,2025-01-21 16:05:36,DK,MCC,
Gundhild Christiansen,14259283,hmathiesen@example net,FB25012117_LNLOHQNgQdCVHG22,2025-01-21 16:57:23,DK,TELE,129503672201
Tilde Lauritsen,+72520650,klauridsen@@example.net,FB25012118_XL9EvkLbUlUETZHf,2025-01-21 17:21:37,DK,TELE,129503672201
Katja Schultz,+4585909207,ulrikdahl@example.com,FB25012120_CdCs8Zgj0qZ43U62,2025-01-21 19:52:48,DK,MCC,126473852201
Eric Birgitte Jacobsen,+4518650429,kristianjessen@example.org,FB25012201_kZCcCUjH4j86bB4y,2025-01-22 00:54:16,DK,MCC,127391842201
Hedda Heiner Schinke,+494250333555,bauerfranco@example.com,FB25012208_XE2bYeb9UHonTzkp,2025-01-22 07:27:23,DE,TELE,129403682201
Krystyna Caroline Rörricht,+491335136663,luisa83@example.com,FB25012217_tX4wUO2TScylFysj,2025-01-22 16:03:25,DE,MCC,124758392201
Isabella Jacobine Møller,+4569577068,rasmussengustav@example...net,FB25012218_Sql0HDLlPoWqd4Wr,2025-01-22 17:00:22,DK,MCC,
Trude Drewes,6706171556,uheintze@example.net,FB25012303_CylI3XAhw9VDz91e,2025-01-23 02:22:15,DE,MCC,124758392201
Gönül Müller,2888116804,maikedoering@example.net,FB25012308_qlGRiYfmqgI7iPFi,2025-01-23 07:18:48,DE,MCC,129403682201
Hans-Joachim Steckel,+497320099768,mgraf@@example.com,FB25012313_lZZVxBdT1iRn7GqW,2025-01-23 12:24:14,DE,MCC,
Rebecca Lasse Mortensen,05579044,sorinefrandsen@example.com,FB25012314_DMf6LXSE7CMbBz2K,2025-01-23 13:18:36,DK,TELE,126473852201
Theresia Brigitte Schüler,490597052336,klemmanke@example.net,FB25012315_rBeDEDyUPXREFEUp,2025-01-23 14:52:52,DE,MCC,
Gotthilf Ljiljana Holsten,+0954462305,miroslawagroettner@example.net,FB25012323_EAp3C4BxRXJwL42P,2025-01-23 22:10:32,DE,MCC,12345
Pawel Schmidtke,00490342800301,qkobelt@@example.com,FB25012505_W2JQ27IowFcAJKDQ,2025-01-25 04:45:16,DE,TELE,
Birgitte Jepsen,4548408857,ukristensen@@example.net,FB25012609_4u3pM9rnfVxdwtVj,2025-01-26 08:31:59,DK,MCC,126473852201
Jacqueline Mortensen,+4545372269,npetersen@example.net,FB25012610_cHKzxaXgtZmIwooE,2025-01-26 09:57:33,DK,TELE,129503672201
Magdalena Geisel,+494499010301,magnuslangern@example.com,FB25012618_k5I1sKBC41DAjcQk,2025-01-26 17:08:57,DE,MCC,
Ewald Claudio Heintze,498294764573,schomberlydia@example.org,FB25012620_qnjiiu6NBa7QswpK,2025-01-26 19:01:44,DE,MCC,
Yusuf Jungfer,+497826437631,wthies@example org,FB25012710_GVIVxx4CCS8jXo92,2025-01-27 09:30:19,DE,MCC,
Rosalinde Vollbrecht,+491988066189,zklemt@example.org,FB25012813_bPFQpcWGMZLhmvtI,2025-01-28 12:26:44,DE,TELE,124758392201
Hans-Georg Junken,+1267786380,lziegert@@example.com,FB25012822_LBihWzkudaYuoQcy,2025-01-28 21:30:49,DE,MCC,124758392201
Merete Toft,5405,kurt34@example.org,FB25012823_Ad7KoH5BMSdnIvpD,2025-01-28 22:41:07,DK,MCC,
Inna Kraus,+497191272322,driehl@example.com,FB25012904_lKpMGZHecoqGt0Jb,2025-01-29 03:23:34,DE,MCC,124758392201
Erhard Adelbert Kroker,+7414128795,hans-dieterspiess@example com,FB25012918_7psUvEFyNbqxXIl5,2025-01-29 17:57:26,DE,TELE,129403682201
Gyda Møller,+4579445577,amanda50@example.com,FB25013117_M5yVHX4PI8HKybl1,2025-01-31 16:47:32,DK,MCC,127391842201
Jens Schmidt,+4534420102,zahralauridsen@example.com,FB25020209_La3CCvPm23Zsr2tJ,2025-02-02 08:30:19,DK,MCC,129503672201
Detlef Schönland,00492910088131,bauerjennifer@example.org,FB25020211_lvBlEodVV88kP7gq,2025-02-02 10:54:08,DE,TELE,129403682201
Christa-Maria Trüb,+499226909059,yroehricht@example.org,FB25020307_ZewW7shuGYjoJFDC,2025-02-03 06:27:52,DE,MCC,129403682201
Janet Susana Zänker,+490648108367,huhnwillibald@example.org,FB25020318_g8vEbXw0mW8TqGY1,2025-02-03 17:10:42,DE,MCC,129403682201
Magdalena Junck,+492327716414,strohjolanthe@example.org,FB25020320_qkBKqtg2ZfsYqYlH,2025-02-03 19:07:07,DE,TELE,129403682201
Mads Dahl,+4572433251,steffensenvictor@example...org,FB25020405_JRQj3Vrph7rDGcR1,2025-02-04 04:07:17,DK,TELE,129503672201
Danica Aurelia Bruder,00496184663977,misicherandrea@example.com,FB25020406_WEBPcGk5Ki1y0eB0,2025-02-04 05:17:20,DE,MCC,129403682201
Stine Schultz,837,lundelna@example.net,FB25020407_iicOklAAA1dTpOLi,2025-02-04 06:05:02,DK,MCC,
Mia Oscar Brandt,92504919,oskar88@example.com,FB25020408_oNqExF0fMLKwlXJ6,2025-02-04 07:06:04,DK,MCC,127391842201
Friedhelm Girschner,+498165675741,milena83@example.net,FB25020419_R2RKerh8JoCHRzSn,2025-02-04 18:09:28,DE,TELE,129403682201
Lennarth Frederiksen,+93188241,heidi99@example.org,FB25020419_OtKdRr4JxSlyjmUR,2025-02-04 18:21:03,DK,MCC,127391842201
Berta Sørensen,+4591325006,holstgrethe@example.com,FB25020422_W3wRYELLwZK4f8TY,2025-02-04 21:00:28,DK,MCC,127391842201
Sam Jensen,4599270060,samkoch@example.org,FB25020508_6MTfEElRt2jMIBD0,2025-02-05 07:07:09,DK,MCC,129503672201
Tonny Henriksen,+4545376190,wmadsen@@example.net,FB25020601_2BYtj6MZxKshcBvw,2025-02-06 00:36:54,DK,MCC,
Frank Neureuther,+496930398386,agathaklapp@example.com,FB25020611_WdOpGbrWmW0dR3hP,2025-02-06 10:55:27,DE,MCC,
Carina Karlsen,98385605,kristoffersenhugo@example.net,FB25020620_CwZbI7L6KoCUjDtW,2025-02-06 19:18:56,DK,MCC,
Odeline Olivia Overgaard,+4523426376,karla19@example...org,FB25020623_4Bd17Kua7MBFfX4I,2025-02-06 22:09:50,DK,MCC,12345
Kristine Schultz,+4519610025,holstdan@example.net,FB25020713_lclI0e6pdNvRimhm,2025-02-07 12:27:20,DK,MCC,124816932201
Benthe Jepsen,+4504795291,nannisteffensen@example.net,FB25020721_wAcxBWEwQ2HsjC3X,2025-02-07 20:49:04,DK,MCC,129503672201
Frans Petersen,+4544259845,carinabrandt@example.net,FB25020800_6hbPvQiDj8pdg0jR,2025-02-07 23:09:54,DK,MCC,129503672201
Robby Margaret Pohl,+496350358264,radischmarlis@example.org,FB25020809_8Mn5B9qjYa9scRgP,2025-02-08 08:23:32,DE,TELE,
Reinhilde Hornig,+493617379159,schmiedtjanin@example.net,FB25020809_f3AMGgI9YZBUuweY,2025-02-08 08:55:46,DE,MCC,129403682201
Merete Danielsen,533,qlauridsen@example...org,FB25020817_ttngXAfgphhyJSii,2025-02-08 16:16:09,DK,TELE,
Mirella Vollbrecht,+490557976263,tvollbrecht@example.org,FB25020911_461TyHif98PaaEUa,2025-02-09 10:45:30,DE,MCC,
Gabriel Hellmuth Gumprich,+499037508884,silja78@example.com,FB25020914_sUzdm5AroGYClo2p,2025-02-09 13:37:51,DE,TELE,126839472201
Mogens Henriksen,+4526967318,fjeppesen@example.net,FB25020915_XmcDo1tbwQmW4J90,2025-02-09 14:07:46,DK,MCC,127391842201
Christiana Hübel,+490578765537,enver99@example.net,FB25020915_F5kBhRHHOeB7e4WU,2025-02-09 14:21:15,DE,MCC,129403682201
Sam Johnsen,86869385,sabinenielsen@example.org,FB25020915_0NMLdV6QSwY1DEWX,2025-02-09 14:54:02,DK,MCC,124816932201
Nadeschda Killer,+498439854683,filippo28@example net,FB25021008_Lrrk7BGex9bd2Uf5,2025-02-10 07:26:24,DE,MCC,129403682201
Malou Jacobsen,+4515462001,ftoft@@example.net,FB25021016_UlITmogEWb7o9Xmy,2025-02-10 15:50:39,DK,MCC,129503672201
Catrine Dahl,004552128809,sklausen@example.com,FB25021019_U5nPUkFNO5G8o2FJ,2025-02-10 18:55:48,DK,MCC,128209572201
André Karlsen,+4543801358,philipcarlsen@example.org,FB25021019_kR16oi0KkJM0euQx,2025-02-10 18:57:42,DK,MCC,127391842201
Berta Poulsen,+4594018769,ronjapedersen@example.com,FB25021022_ZcXwojAEzzn6UTGT,2025-02-10 21:57:23,DK,MCC,
Ottfried Gehringer,+490060293856,brittjopich@example.com,FB25021108_mQUUo8eRClyrZ5kk,2025-02-11 07:06:41,DE,MCC,129403682201
Rebecca Gerda Christensen,+4562512309,lauritsenhannah@example.net,FB25021108_ymKf72f5GNg7Y3RY,2025-02-11 07:45:54,DK,MCC,128209572201
Friedhilde Ziegert,+494560786679,jaehnheinz-willi@example.net,FB25021109_F0g9eQ0UuEwq709O,2025-02-11 08:46:56,DE,MCC,129403682201
Ryszard Karl-Werner Dörr,+499288952612,klothildebecker@example.com,FB25021110_9zDqzv0qGGVgov1n,2025-02-11 09:02:27,DE,MCC,129403682201
Lennarth Birgitte Svendsen,+4512897841,andersenoyvind@@example.org,FB25021113_lkrKlCmFIqBFqiy6,2025-02-11 12:34:55,DK,MCC,124816932201
Jano Madsen,+4518090622,christiansenanton@example.org,FB25021120_r7S45TzGEj8UHgMN,2025-02-11 19:02:09,DK,TELE,
Sanne Thorsen,+4524889592,eovergaard@example.com,FB25021122_Zz9kHozfJz5r4rz2,2025-02-11 21:44:12,DK,MCC,127391842201
Leonard Mies,+495368273373,schachtmatthaeus@example.com,FB25021211_Kxsn5OEAnkXSrJCt,2025-02-12 10:15:08,DE,MCC,126839472201
Eugenie Etzler,+496444428965,schachtcorinna@example.org,FB25021216_5HMyNBdkXZnFeLi6,2025-02-12 15:38:59,DE,MCC,126839472201
Odeline Jessen,+4511633255,friisstephan@example net,FB25021221_ypk71clZQzgzAWSX,2025-02-12 20:03:05,DK,MCC,129503672201
Adam Malou Bech,+4595782798,uffe67@example.org,FB25021221_SdTluDEbEyr18hWE,2025-02-12 20:59:44,DK,MCC,128209572201
Anne-Rose Kohl,+496300155010,heintzecatrin@example.org,FB25021308_XLgHJmVC7moLCmdZ,2025-02-13 07:06:50,DE,MCC,126839472201
Jeppe Kristoffersen,+4538418257,sjespersen@example.com,FB25021309_pw1MShcgvxb0qXEp,2025-02-13 08:43:56,DK,MCC,129503672201
Emilia Hellwig,+499772229552,kabusalida@example.com,FB25021312_FThQzzq1GfJYIisJ,2025-02-13 11:21:30,DE,TELE,129403682201
Elfi Bartholomäus Hövel,9,eimerantonio@example.net,FB25021318_J859yqRBveM7AHQK,2025-02-13 17:02:43,DE,MCC,126839472201
Jim Pedersen,+4544103469,dannyfrederiksen@example.net,FB25021321_1awmzbr6J3Yf3j5X,2025-02-13 20:23:59,DK,MCC,129503672201
Freja Kjeldsen,+4542263786,friisingrid@example.net,FB25021321_EyS5CLGf3gRzOXNF,2025-02-13 20:41:47,DK,MCC,127391842201
Jacobine Lassen,+47138864,sonnyclausen@@example.net,FB25021407_LtyJJC9EY8m0zMj3,2025-02-14 06:20:41,DK,MCC,129503672201
Natasja Jepsen,18530681,yclausen@example.net,FB25021409_sJEL1Z60BT4keVrh,2025-02-14 08:02:40,DK,MCC,127391842201
Sibel Caspar,00492691160835,gerhardt46@example...org,FB25021416_ezv84tdSUo6WMqYc,2025-02-14 15:38:17,DE,TELE,129403682201
Louise Einar Christiansen,63753226,marcusmathiesen@example.com,FB25021509_AuQxeag7MeQzwqNi,2025-02-15 08:07:26,DK,TELE,
Anna-Lena Mende,+1324489371,schustersandor@example.net,FB25021509_u6JXYmEL07PtZR0h,2025-02-15 08:42:09,DE,MCC,
Carl Schuchhardt,+494233638736,ortwinwarmer@example.com,FB25021510_6GjqRkX2DQ32ay2L,2025-02-15 09:15:52,DE,MCC,128574392201
Pascal Hänel,4332373190,herma97@example.org,FB25021510_b25Fc9obFbTyFx0Q,2025-02-15 09:30:47,DE,MCC,
Marita Wohlgemut,+6077382534,kreuselpeter-michael@example.org,FB25021512_QS75zQO0Ov3yjIT3,2025-02-15 11:11:12,DE,MCC,129403682201
Keld Klausen,+4582061873,kristianmoller@example org,FB25021512_XmlCGYm7eLRvL0Vt,2025-02-15 11:55:34,DK,MCC,127391842201
Einar Jacobsen,+4578480146,osvaldpoulsen@example.net,FB25021514_ZlzUTxlb3USTsFmf,2025-02-15 13:47:08,DK,MCC,129503672201
Katarzyna Kambs,6996054182,salzalfons@example.com,FB25021517_YPqKNAFUeG0qR5jD,2025-02-15 16:07:49,DE,MCC,129403682201
Simone Bertelsen,+4503456192,ichristoffersen@example.org,FB25021517_hWfhwLb4KRJYw1NA,2025-02-15 16:32:27,DK,MCC,129503672201
Ragnar Christine Thygesen,+75109224,ocarlsen@example.net,FB25021517_PrSkyPwgIfYs4FPr,2025-02-15 16:57:16,DK,MCC,129503672201
Reinhold Sager,+493239459846,qschlosser@example.net,FB25021518_Ih3w09Ky7NWpbVCk,2025-02-15 17:16:25,DE,TELE,129403682201
Stephan Schweitzer,+7740753019,trosenow@example.net,FB25021608_jKjAafelgWFRklsJ,2025-02-16 07:34:16,DE,MCC,129403682201
Lotte Holm,+4552945475,holmandreas@example.org,FB25021608_5KWPMPvzAuVxi7mj,2025-02-16 07:40:55,DK,MCC,0
Monique Dobes,+495698980748,olena84@example.org,FB25021623_8nrR43u1MWv6ssdO,2025-02-16 22:42:45,DE,MCC,
Pawel Schleich,+492514616629,qkruschwitz@example.net,FB25021708_Xbi3DroyfFO6dH6t,2025-02-17 07:56:26,DE,MCC,128574392201
Rose Alwin Schuster,8,katzler@example.com,FB25021710_M7eLSLL13iuLnOrT,2025-02-17 09:00:37,DE,MCC,126839472201
Frauke Zirme,+490482403444,mercedesharloff@example.org,FB25021713_PjdR8YhGjuxzI9vf,2025-02-17 12:27:50,DE,MCC,129403682201
Marcus Thygesen,4577224889,eriksenamanda@example.net,FB25021714_ZcZcWNihoYztCAmx,2025-02-17 13:03:02,DK,MCC,127391842201
Nanni Møller,(+45)60745417,oknudsen@example.org,FB25021807_0IGtxXRpPkyBl8e0,2025-02-18 06:27:15,DK,MCC,
Irina Brunhilde Kallert,+496339439513,xbiggen@example.com,FB25021818_Obo1tY9ZPdjkDQaa,2025-02-18 17:23:12,DE,MCC,129403682201
Maik Sager,+496535204134,klothilde45@example.org,FB25021820_Li9csDapEoRh6uCm,2025-02-18 19:32:22,DE,MCC,129403682201
Hanspeter Birnbaum,(+49)0696084268,mhermann@example.com,FB25021913_sfQk5iyHttS7mxLs,2025-02-19 12:51:42,DE,MCC,
Herdis Beth Olsen,+67534442,elsebethlarsen@example.net,FB25021921_TYhObiz1oOYxyy4b,2025-02-19 20:31:44,DK,MCC,129503672201
Mogens Poulsen,+4530469706,fschmidt@example.net,FB25021923_j1lTdllAtYRH5KoP,2025-02-19 22:27:25,DK,MCC,124816932201
Hans-Hermann Gesa Hörle,2444,williwohlgemut@example.org,FB25022013_oWu0VZylmL6lvaEn,2025-02-20 12:14:19,DE,MCC,
Sille Kristiansen,004575110642,patricknissen@example.com,FB25022015_tUVDvDDHiGHGyjGZ,2025-02-20 14:35:23,DK,MCC,
Gina Ilka Krause,+8760883113,bienreimund@example org,FB25022022_K9otZMfTKByuQ7mx,2025-02-20 21:34:41,DE,MCC,126839472201
Margaret Steinberg,+491922045247,klara42@@example.com,FB25022023_q66wPg04R3AZB5Ns,2025-02-20 22:27:01,DE,MCC,
Veli Hans Jörg Wesack,3,seipanneliese@example.net,FB25022111_bMbszg73CpVdfjGL,2025-02-21 10:45:42,DE,MCC,128574392201
Anastasios Clara Käster,+498289424146,ksiering@example.org,FB25022112_je4P0cTCLOdeGxhT,2025-02-21 11:34:29,DE,MCC,128574392201
Jakob Steffensen,+4594434530,line38@example.net,FB25022114_7xn032S13Fnb3ZCS,2025-02-21 13:34:40,DK,MCC,
Laurits Jakobsen,2,gunnarchristiansen@example.org,FB25022116_56pI4BveLRvqcTtx,2025-02-21 15:01:08,DK,MCC,
Karl-Heinz Kohl,+492325221939,fiebigeberhard@example.com,FB25022201_gaujuq6TphcbC7cl,2025-02-22 00:06:06,DE,MCC,
Annette Steffensen,+4545978536,cmikkelsen@example.com,FB25022208_tsnGqsx3Ek4o86hX,2025-02-22 07:44:57,DK,MCC,
Elisabeth Schmidtke,+493356940866,shahn@example.com,FB25022210_avKLna3IyiDGwj8Y,2025-02-22 09:17:32,DE,MCC,129403682201
Gloria Mühle,00499481603471,lkrause@example com,FB25022216_FFHMYZBSV6WVSbWO,2025-02-22 15:53:49,DE,MCC,129403682201
Naja Simon Nielsen,+4597459999,mikkelsenrebecca@example.net,FB25022221_vKQuTeTWcdWbIQKa,2025-02-22 20:11:59,DK,MCC,12680000
Vincent Binner,+5299179999,qkusch@example.net,FB25022308_eJCmJhkA4mNFc8IK,2025-02-23 07:43:01,DE,MCC,129403682201
Johanne Briemer,+496174160195,mary39@example.net,FB25022318_uQMESTYvIgZJbH3M,2025-02-23 17:42:56,DE,MCC,
Agnete Mathiasen,+4518268656,ejeppesen@example.org,FB25022322_tilgDVMNZUDKTFUt,2025-02-23 21:38:28,DK,MCC,124816932201
Nina Löwer,+499156306492,niemeierbartholomaeus@example net,FB25022323_kn04rZd0cbyz8PVM,2025-02-23 22:33:38,DE,TELE,
Stephan Emil Langern,6482438012,ignazhoerle@example.net,FB25022323_m2M2ewWrYQgXH2BT,2025-02-23 22:41:45,DE,MCC,
Tina Förster,+491873616354,ayseheidrich@example.net,FB25022408_LPmODIFLdGvfYNk3,2025-02-24 07:15:11,DE,TELE,129403682201
Sonja Iben Petersen,+4564895808,ursulabech@example.org,FB25022421_MJUI6K18OEUfWaTr,2025-02-24 20:53:23,DK,MCC,124816932201
Josef Holt,+490016541869,sieringannelore@example.com,FB25022422_PuoTwTNJiLShWz1r,2025-02-24 21:23:09,DE,MCC,129403682201
René Sørensen,16477426,grethe91@example.com,FB25022423_V4OqkQ4bezqhmaMK,2025-02-24 22:02:42,DK,MCC,6
Frederike Mohaupt,+496732193344,baumarno@example.org,FB25022512_LSmfYHJtgcIeYtK5,2025-02-25 11:12:54,DE,MCC,126839472201
Gunhild Karlsen,+4578201278,bhansen@example org,FB25022513_hhs5gARvijXPOLo4,2025-02-25 12:50:02,DK,MCC,129503672201
Ruth Andresen,+4559275772,matthias30@example...net,FB25022515_VylMj8pu9pmz3QCX,2025-02-25 14:14:26,DK,MCC,129503672201
Kordula Nette,+496297507127,karl-wilhelmstiffel@example.net,FB25022608_VwBxLOvo2BXgJaSl,2025-02-26 07:17:30,DE,MCC,
Nadia Kjeldsen,4553181155,mmadsen@example.com,FB25022620_deBBTLflxvcukxzf,2025-02-26 19:13:38,DK,MCC,129503672201
Bobby Kim Østergaard,+4505808883,gittevestergaard@example.net,FB25022620_QdZBYYa2ZI74LZnR,2025-02-26 19:50:50,DK,TELE,124816932201
Sten Sørensen,4556249849,mschultz@example...net,FB25022622_CHSTVHAzNew1NH3g,2025-02-26 21:24:35,DK,MCC,129503672201
Kunibert Jopich,+497614467284,hoefiglaura@example.net,FB25022622_kihIiGJBQtgcYsgp,2025-02-26 21:28:46,DE,MCC,
Carmela Tlustek,+499573428074,kirstinthies@example.com,FB25022700_nv94BsRyDRMwdVxN,2025-02-26 23:09:22,DE,MCC,
Birte Marcus Thorsen,+4595137034,christofferkristoffersen@example.com,FB25022813_laYHWo3vlvZGZWkL,2025-02-28 12:16:37,DK,MCC,
Felix Henschel,+493746086153,uhuebel@example.org,FB25022821_DPAU7FNBbMcJqAsZ,2025-02-28 20:23:30,DE,MCC,126839472201
Irmtraut Rosalia Kranz,+490158338777,fhahn@example.com,FB25022822_9Fa3eQXR4LTKZ6L7,2025-02-28 21:20:47,DE,MCC,0
Niklas Juncken,(+49)2353044973,heinrichandrei@example.com,FB25030108_MM7m9s0YS7pFX56R,2025-03-01 07:06:49,DE,TELE,126839472201
Bettina Trubin,+496028614973,azizschleich@@example.net,FB25030111_Q6ESUOCVT87LfJhH,2025-03-01 10:58:14,DE,MCC,124758392201
Solveig Schou,+4581789814,steffensenjohan@example.com,FB25030112_cltjliTujKDK6Wrs,2025-03-01 11:01:24,DK,MCC,128209572201
Alina Beckmann,+494521819461,budighanno@example.org,FB25030119_PT82G8Maf9VIMVcm,2025-03-01 18:26:13,DE,TELE,0
Toni Jüttner,496970885178,magnus89@example net,FB25030210_jp6d5Fc0ApAHinRQ,2025-03-02 09:51:57,DE,MCC,128574392201
Patric Theda Henck,00493880839362,rolandkoch-ii@example.org,FB25030305_0SibasKGZliirr9B,2025-03-03 04:57:11,DE,MCC,
Malthe Svendsen,17736891,imathiasen@example.com,FB25030312_OBGGbT4Z6eHENwbB,2025-03-03 11:58:09,DK,MCC,124816932201
Jeppe Carla Thomsen,+4542659797,ronjaholst@example.com,FB25030313_rhdvSiE4LFDbJiq3,2025-03-03 12:04:45,DK,MCC,126473852201
Agnieszka Hentschel,+491811238697,angelinarogner@example...org,FB25030320_NEcaWxwlm7Nxe34J,2025-03-03 19:36:43,DE,MCC,128574392201
Gunhild Schmidt,+4591320922,simon31@example.com,FB25030323_LWiHNhOhDBnwPbJY,2025-03-03 22:27:19,DK,MCC,126473852201
Dina Olsen,+4500094941,olsenstig@example.net,FB25030323_dyhJkUcNUiW6tih8,2025-03-03 22:57:50,DK,MCC,12680000
Karl-August Patberg,+491177656936,rplath@example.org,FB25030401_vmpji2N1Zwc2cIKy,2025-03-04 00:28:04,DE,MCC,
Othmar Ehlert,0046375486,guelten17@example.org,FB25030410_gkNdSWDjyv432qCX,2025-03-04 09:11:17,DE,TELE,124758392201
Klaus Dieter Lisette Jacobi Jäckel,+491839220405,ennoetzler@example.org,FB25030419_GuBQofo2NdWfyxAv,2025-03-04 18:15:12,DE,MCC,124758392201
Laura Kristiansen,+4590752400,dhenriksen@example.org,FB25030419_FQY6QwpMyw2PYFgk,2025-03-04 18:41:45,DK,MCC,124816932201
Hanne Walli Geißler,8452991985,guelsen72@example.net,FB25030420_LTsXy9C1kllS2Poe,2025-03-04 19:03:02,DE,MCC,
Wolfgang Rita Seip,+499129930466,gabriele39@example.com,FB25030510_QcH8oqBGTganTy9Y,2025-03-05 09:04:40,DE,MCC,
Gunnar Laura Carlsen,+4540791396,jakobsensophie@example com,FB25030511_PLS2HiVwflLWrkwU,2025-03-05 10:30:57,DK,MCC,
Ivonne Christoph,+494925778154,owohlgemut@example.com,FB25030519_i2EPnFrJJwjReHMX,2025-03-05 18:15:02,DE,TELE,12680000
Morten Mathiasen,+4564810803,soren25@example.com,FB25030609_Cy6RBLClwOATSMY1,2025-03-06 08:55:38,DK,TELE,
Salvatore Rörricht,+498065154847,tkade@example.com,FB25030613_5eFU6vPze75RENBW,2025-03-06 12:16:14,DE,MCC,124758392201
Claudio Höfig,492865491960,egonkobelt@example.net,FB25030618_ud1hQJEIJyeRlH9S,2025-03-06 17:42:34,DE,MCC,126839472201
Arne Steffensen,4590772833,poulsenjan@example.com,FB25030621_3jNb9aYwyFYNUpdm,2025-03-06 20:15:06,DK,TELE,128209572201
Simon Jano Skov,4596222489,fwinther@example...com,FB25030621_reXvgIg8lEKYq5ne,2025-03-06 20:52:45,DK,MCC,124816932201
Inga Knappe,+495479012679,heinojacob@example.net,FB25030622_fMK68YrWrIMMYMU5,2025-03-06 21:06:17,DE,MCC,
Catherine Kensy,+498414377772,bendersahin@example...net,FB25030712_VM1O6pbpZ3xpWadc,2025-03-07 11:24:49,DE,MCC,126839472201
Damaris Oestrovsky,690,isidor86@example com,FB25030718_xdNGN47H1l6gjoIR,2025-03-07 17:25:39,DE,MCC,124758392201
Valeska Kraushaar,+495511830246,sofiegierschner@example.net,FB25030720_yXQ9r64eyfjhh3vU,2025-03-07 19:38:24,DE,MCC,126839472201
Hans-Christian Höfig,498351846796,hans-adolf59@example.org,FB25030800_vFrZ9refQ9BKM6uq,2025-03-07 23:22:48,DE,MCC,128574392201
Nurten Kallert,+497454701149,gernot90@example.org,FB25030814_w3Y6HkTZpJqVsLD3,2025-03-08 13:51:34,DE,MCC,124758392201
Kenny Madsen,39,thomsenzenia@example.org,FB25030818_UYNyfFZ7kOjiJbgh,2025-03-08 17:36:10,DK,TELE,
Helene Caspar,4,hholzapfel@example.org,FB25030819_OYv3IqM1CIF95cqh,2025-03-08 18:53:51,DE,MCC,126839472201
Friedbert Vladimir Trapp,+493413173109,hasangertz@example.com,FB25030906_BCSwMiJwx0SWlw5M,2025-03-09 05:53:54,DE,MCC,
Wenzel Janine Lange,496885565437,nuri73@example.com,FB25031009_HQmZhGQ6aCYZVzuq,2025-03-10 08:51:05,DE,MCC,
Vivian Hjalte Frederiksen,+4587118516,ritt85@example.net,FB25031010_ajvcT9Plz35tUQRq,2025-03-10 09:11:20,DK,MCC,126473852201
Freddy Bertelsen,+4523352091,malene49@example.net,FB25031013_4dWadWvKOaqFxVDj,2025-03-10 12:55:20,DK,TELE,126473852201
Franz-Josef Stoll,+493291054482,ernst-august38@example.com,FB25031020_MgQrkkPh8Pxbp3Tx,2025-03-10 19:16:14,DE,MCC,124758392201
Gundel Birnbaum,9574333474,gotthard98@example.org,FB25031107_HITsHyTtCPZ0Q16N,2025-03-11 06:50:40,DE,MCC,128574392201
Irmtraut Reising,+496553690955,tilohuhn@example.net,FB25031112_tOatau43ccVfzp3l,2025-03-11 11:46:26,DE,MCC,126839472201
Günter Huhn,+1272587737,gordana21@example.com,FB25031118_fvuBoKeMAJHK6Bcv,2025-03-11 17:46:12,DE,MCC,126839472201
Juergen Segebahn,(+49)6100348774,doehndietlind@example.com,FB25031217_C4HPL3k9UkmSQEQf,2025-03-12 16:40:30,DE,MCC,124758392201
Gustav Hein,+495575294586,muehleveli@example.com,FB25031308_YkE2gXj5IaKDlxHO,2025-03-13 07:10:12,DE,MCC,124758392201
Mattias Horst-Peter Schacht,+494224994718,detlef60@example.org,FB25031309_R79hQdBiciD2m40k,2025-03-13 08:00:40,DE,MCC,124758392201
Matthias Knudsen,+4592303027,einarlauridsen@example.net,FB25031322_4wGrdtb80nFQRkXM,2025-03-13 21:46:47,DK,TELE,128209572201
Stig Svendsen,4553410155,patricia69@example.org,FB25031420_dBbahI12epLuncLz,2025-03-14 19:53:17,DK,TELE,128209572201
Tilde Yasmin Ravn,+28627977,steffensensophie@example.com,FB25031519_oCbtzka9HFvbsSCN,2025-03-15 18:30:24,DK,MCC,126473852201
Niels Patberg,+495852064349,nadjaheintze@example.org,FB25031523_iY6hgaZFMG3UOgHV,2025-03-15 22:31:35,DE,MCC,126839472201
Marijan Manuela Pieper,4722193611,vitojunck@example...com,FB25031600_tqIaO3PO6xqzXYDB,2025-03-15 23:20:31,DE,TELE,
Jochen Binner,+495352539828,beckmannjaroslaw@example.net,FB25031608_YpShxQE42i0ue88c,2025-03-16 07:34:13,DE,MCC,124758392201
Signe Henriksen,92600549,elladahl@example.net,FB25031608_8RHCIeSlen2vHXu2,2025-03-16 07:44:12,DK,MCC,124816932201
Elsa Janin Vogt,(+49)1605348316,wenckestolze@example.com,FB25031623_kPayyHxvVpCZaOLL,2025-03-16 22:01:49,DE,MCC,126839472201
Holm Kraushaar,8642,ernst-augustschleich@example.org,FB25031723_C6MM3V3PbHmvXk94,2025-03-17 22:00:53,DE,TELE,126839472201
Ronny Hartmann,+497159737594,adehmel@example.com,FB25031814_6RiwzTeX8IuV4evJ,2025-03-18 13:59:21,DE,MCC,126839472201
Rudi Budig,+497708535073,wackermann@@example.com,FB25031817_r1lTLHyMADwqW1au,2025-03-18 16:55:51,DE,TELE,124758392201
Stephanie Huhn,+5161854040,nkarge@example...com,FB25031823_urJDCiDIM3LPAxju,2025-03-18 22:15:48,DE,MCC,124758392201
Xenia Hornig,+497030667709,alexeibluemel@example.org,FB25031920_TDtl4lOFiQrmnvQk,2025-03-19 19:58:10,DE,MCC,
Heinz-Wilhelm Klotz,00499969452988,luise79@example.net,FB25031922_NUqbeL4jeNg01jZo,2025-03-19 21:42:27,DE,MCC,126839472201
Philipp Stahr,+493635486001,leokadia61@example.org,FB25032007_XwYW5rJWSG6XCCq8,2025-03-20 06:14:47,DE,MCC,
Julius Knudsen,+4519345839,mads42@example.net,FB25032010_M6vrueixqVbogHOx,2025-03-20 09:48:02,DK,TELE,128209572201
Imelda Karz,493763393987,rmentzel@example net,FB25032020_LC7tP7g3egMt9mom,2025-03-20 19:23:55,DE,TELE,124758392201
Hanno Kohl,+5168970673,franz-peterflantz@example.net,FB25032022_8IzAI14LgC7Wo0kl,2025-03-20 21:48:32,DE,TELE,128574392201
Senol Bärer,+499268343663,stavros69@example...net,FB25032200_Wjv4UoFoeJ6U6Ga7,2025-03-21 23:13:58,DE,MCC,124758392201
Benno Egon Schmidt,+496449033970,bolnbachstella@example net,FB25032212_2nkGOTJ6e2IQGuWc,2025-03-22 11:20:20,DE,MCC,
Rolf-Dieter Segebahn,+496799257219,handeannita@example.net,FB25032310_9pgkxQgZOxdEJZSB,2025-03-23 09:54:23,DE,MCC,128574392201
Karl-August Rose,+497239543298,theuser@example net,FB25032313_rO94x0vLxlIZEf3F,2025-03-23 12:28:56,DE,MCC,124758392201
Tadeusz Dörr,+491986769201,naserfaruk@example.org,FB25032512_YZH7gkck2QmuD7PT,2025-03-25 11:01:29,DE,MCC,126839472201
Marie-Therese Mans,+498293600490,pasquale77@example...com,FB25032516_5kHQmjfUexNA9TU3,2025-03-25 15:56:15,DE,MCC,126839472201
Arnfried Dittmar Benthin,+490090707379,margitageisel@example.org,FB25032519_TpiWomx0wntJT8Z0,2025-03-25 18:04:02,DE,MCC,128574392201
Marie-Louise Reza Lachmann,+6037150720,curtrogner@example.org,FB25032522_Sw8aTmzh1hmp6vZo,2025-03-25 21:24:56,DE,MCC,128574392201
