contactperson,country,sale_lead_id,company_email,company_phone,department,sale_at,other_info
Peter Jack Lauritsen,DK,,Nissenlone@example.com,+4595043346,MCC,2025-01-17 18:49:32,
Z. Friis,DK,,nete63@example.org,+4554632537,MCC,2025-03-31 19:52:48,
Vincent James Döring,DE,,hans-theomueller@example.net,+4949403206,MCC,2025-04-25 17:02:43,+496533724350
Nete Carlsen,DK,,porterchristopher@example.org,+99677073,MCC,2025-01-29 10:45:36,+99677073
David Wilson,DK,,albert28@example.com,+4538239191,MCC,2025-04-10 19:31:32,+4529656890
Merethe Jepsen,DK,,josephgraham@example.net,28654047,MCC,2025-02-27 08:47:11,
Chantal Editha Heintze,DE,,klemens70@example.net,+1049924346,MCC,2025-04-20 18:15:02,
Liva Andresen,DK,,sondergaardsolveig@example.com,+4598109633,TELE,2025-04-07 07:46:10,
boe henriksen,DK,,Pkristoffersen@example.org,76258626,MCC,2025-05-23 21:24:35,+4569522901
Emma Brown,DE,,stanleybell@example.org,+4974201484,TELE,2025-01-31 09:05:17,+496346344191
Martin Bach,DK,,jennifer89@example.com,79920820,MCC,2025-01-26 01:39:09,
Henriette Lee Rasmussen,DK,,nicholasjohnson@example.com,04806497,MCC,2025-05-24 18:30:24,rasmussenbritta@example.net
Gertrud Klausen,DK,,hansencaroline@example.net,+4594602563,MCC,2025-05-18 12:50:02,
Helge Keudel,DE,,steymarion@example.net,+3619299218,TELE,2025-03-10 22:21:53,
Zacharias Kenn Schmidt,DK,,jonathan33@example.org,45096987,MCC,2025-03-09 07:29:29,bnilsson@example.net
Detlef Schönland,DE,FB25020211_lvBlEodVV88kP7gq,bauerjennifer@example.org,2910088131,TELE,2025-05-14 10:54:08,2910088131
Alexei Mülichen,DE,,heydrichdorota@example.org,+491878459042,TELE,2025-04-20 11:19:09,
H. Ziegert,DE,,knappedaniel@example.org,+4970887417,TELE,2025-03-08 08:12:12,"+493536417051, knappedaniel@example.org"
Dragica Valeri Wirth,DE,,khoffmann@example.net,+498349044492,MCC,2025-02-01 16:19:21,
carina karlsen,DK,,campbellphillip@example.net,77104715,MCC,2025-04-12 19:18:56,+4598385605
mimi bech,DK,,louise92@example.org,70926500,MCC,2025-03-27 07:40:55,"(+45)16492335, louise92@example.org"
Helmut Gunnar Eigenwillig,DE,,anna-marietrommler@example.org,33642557,MCC,2025-02-08 12:42:56,
Camilla Lind,DK,,Nicolinemikkelsen@example.com,+4532305023,MCC,2025-06-25 20:52:45,
Winni Thorsen,DK,,friistage@example.com,+4575805618,MCC,2025-04-05 18:41:45,
Jeppe Carla Thomsen,DK,FB25030313_rhdvSiE4LFDbJiq3,nicholasrodriguez@example.org,+4542659797,MCC,2025-06-13 12:04:45,ronjaholst@example.com
Stig Svendsen,DK,FB25031420_dBbahI12epLuncLz,patricia69@example.org,+4553410155,TELE,2025-01-19 19:53:17,
Kristine Olsen,DK,,Maloujessen@example.net,+4550594686,MCC,2025-02-20 16:05:36,
Nicolaj Poulsen,DK,FB25012013_nf2yX902ft3yaaN8,morten25@example.com,+4511451148,TELE,2025-05-02 12:56:42,
Cirkeline Lind,DK,,aaronking@example.com,+4505688889,MCC,2025-03-25 21:15:46,
S. Jørgensen,DK,,jorgensenpernille@example.net,+4510513843,MCC,2025-03-27 12:22:23,+4525800401
danilo victor krein,DE,,nmurphy@example.com,+494588697178,TELE,2025-06-18 13:51:34,Epohl@example.org
Hans-Hermann Hörle,DE,,jennifer06@example.org,88308562,MCC,2025-05-01 12:14:19,
H. Toft,DK,,mathiasenwinnie@example.org,78567795,MCC,2025-02-07 16:47:32,
Philip Carlsen,DK,,rrichmond@example.net,27686489,TELE,2025-03-19 20:07:03,15857449
Emma Wilson,DK,,lindklara@example.com,94119720,MCC,2024-10-09 08:13:28,
Nikolai Holm,DK,,christina45@example.org,+4569791944,MCC,2025-05-02 08:27:59,
Victoria Olesen,DK,FB25011312_4AHyAaHHFkv5Iph2,nguyenjacob@example.com,+4566944377,TELE,2025-03-13 11:29:22,
Mark Taylor,DK,,dhudson@example.net,+59053633,MCC,2025-03-24 06:20:41,rosanorgaard@example.com
Børge Gyda Berg,DK,,nancy69@example.com,+4592622205,MCC,2025-04-18 09:46:17,
rené sørensen,DK,FB25022423_V4OqkQ4bezqhmaMK,Grethe91@example.com,48520775,MCC,2025-03-20 22:02:42,
Finn Jessen,DK,FB25012108_56DMzlDxqaLL663r,yolson@example.com,+4515614181,MCC,2025-04-30 07:49:02,+4515614181
Øivind Schmidt,DK,,paula73@example.org,+4582494959,MCC,2024-11-07 21:15:46,+4535942641
Emma Brown,DE,,donaldfuentes@example.com,+4903384661,TELE,2025-07-02 09:11:17,Kallerttadeusz@example.org
Gerlinde Jüttner,DE,,kreuselclaudius@example.com,+4917496637,TELE,2025-04-11 16:23:29,
Klara Paulsen,DK,,balljason@example.net,+4529344296,TELE,2025-04-09 05:34:44,+4529344296
A. Pedersen,DK,,hgarza@example.net,81282852,MCC,2024-11-24 23:01:29,
Editha Sontag,DE,,eugen87@example.com,70145102,MCC,2025-03-15 11:20:27,eugen87@example.com
Benedicte Sussie Skov,DK,,cindylindsey@example.org,07910428,MCC,2024-12-13 15:51:47,
Rose Alwin Schuster,DE,FB25021710_M7eLSLL13iuLnOrT,katzler@example.com,+4938830853,MCC,2025-03-24 09:00:37,
Alf Hans Jeppesen,DK,,jmoran@example.org,+4544343389,TELE,2025-05-17 10:49:27,regitze45@example.org
susi wende,DE,,klotzfriedhilde@example.net,+490511642237,TELE,2025-02-08 16:55:37,
Øystein Curt Knudsen,DK,FB25012108_B4j0a7yloXOCr9Wk,michaelwatson@example.net,+4521234194,MCC,2025-01-29 07:46:27,
Kornelia Schleich,DE,,brian16@example.net,+495773065412,TELE,2025-01-08 07:17:30,Flantzrenata@examplenet
Svenning Christoffersen,DK,,mayanielsen@example.com,4561900912,TELE,2025-01-15 17:26:09,
Frederik Marie Dahl,DK,,alisontaylor@example.com,+4521944303,MCC,2025-02-13 09:12:06,ester69@example.com
Annie Ullrich,DE,,leokadia04@example.net,+4914371276,MCC,2025-04-22 10:15:08,+490271071354
Amalie Steffensen,DK,,eschultz@example.org,+4550593681,MCC,2025-03-15 22:11:36,(+45)97641976
Antonio Stey,DE,FB25011911_q1nqJemlCp6Izbky,colinedwards@example.com,33540113,MCC,2025-01-27 10:50:24,+497113821488
P. Henck,DE,,rolandkoch-ii@example.org,3880839362,MCC,2025-06-11 04:57:11,rolandkoch-ii@example.org
ewald claudio heintze,DE,FB25012620_qnjiiu6NBa7QswpK,schomberlydia@example.org,+4970163035,MCC,2025-03-10 19:01:44,
Sarah Brown,DK,,kennethsnow@example.net,+4592303212,MCC,2025-03-13 22:45:12,cirkeline28@example.net
Sarah Jones,DE,,carstenkrzysztof@example.net,+4909707652,TELE,2025-03-05 08:42:09,8831532488
Ali Geeißler,DE,,eklingelhoefer@example.com,67174440,TELE,2024-10-29 13:25:16,eklingelhoefer@example.com
B. Mans,DE,,sanfordwilliam@example.org,+495150916779,MCC,2025-04-29 19:41:32,
Rune Schmidt,DK,,rjensen@example.com,+4581867732,MCC,2024-11-03 19:52:24,
T. Etzler,DE,,jacobsoeren@example.net,+4923332665,MCC,2025-02-26 09:58:21,+497783315949
Jacob Bruuun,DK,,charles71@example.net,09270479,MCC,2025-04-09 08:01:46,+4588394770
Annerose Eileen Döring,DE,,bklingelhoefer@example.org,+4921357133,MCC,2024-11-28 07:34:16,+499777352386
Mark Taylor,DE,FB25032310_9pgkxQgZOxdEJZSB,handeannita@example.net,+496799257219,MCC,2025-03-31 09:54:23,
Ruthild Hamann,DE,,dimitriebert@example.org,+498928122290,TELE,2025-04-02 17:08:57,
Laust Nielsen,DK,,sussanne64@example.com,25728781,MCC,2025-04-14 14:35:23,
Merethe Jakobsen,DK,,christopher76@example.org,+28393500,MCC,2025-03-14 19:02:09,olauritsen@example.com
ziggy karlo andersen,DK,,ravnandreas@example.org,+4558947595,MCC,2025-04-06 17:05:39,
Dieter Kraushaar,DE,,tarahernandez@example.org,+499508864885,MCC,2024-11-07 21:04:51,Datzler@example.net
E. Nilsson,DK,FB25010113_ytxUNY3DGIjnfEua,sherryphillips@example.org,+4504148637,MCC,2025-03-10 12:35:55,Mikkelsencarina@exampleorg
Frede Jean Jensen,DK,,jessicabrooks@example.org,+4558802605,MCC,2025-03-20 16:16:58,frejasorensen@example.com
Gitte Buchholz,DE,,loneill@example.com,+4970139022,MCC,2025-02-01 17:13:48,
Paul-Heinz Gero Hartung,DE,,schmidtjurij@example.org,+490042279842,MCC,2025-05-16 11:21:30,
benedicte zelma kjeldsen,DK,,Nanni08@example.com,+4595715323,TELE,2025-02-28 09:33:36,
K. Lassen,DK,,jeppesenleonora@example.org,+4540635110,MCC,2024-11-28 14:21:39,
Kenny Karin Bach,DK,,kylemoreno@example.com,18343816,MCC,2025-02-09 17:56:04,
Nete Gregersen,DK,,hugolauridsen@example.org,64311651,MCC,2024-12-13 12:38:50,
M. Nørgaard,DK,,silje37@example.net,+4563317133,MCC,2025-03-29 22:52:40,
Line Nilsson,DK,,wreid@example.com,+4513658177,MCC,2025-03-10 08:30:19,ib00@example.org
Zacharias Ravn,DK,FB25011707_05f7T28Fq5r6Ln1e,polesen@example.net,13729882,TELE,2025-03-07 06:01:15,+4588107566
Kathleen Dörr,DE,,fabian70@example.net,4497712225,MCC,2025-01-30 13:03:03,
Lea Bech,DK,,klavs01@example.com,+4541799456,MCC,2025-02-03 08:51:28,
Marjan Carmen Bruer,DE,,veronicafranke@example.org,39613701,MCC,2025-03-17 06:04:11,1762513364
Friederike Schmiedt,DE,,bennettchristina@example.net,+492792191987,MCC,2025-04-23 13:37:51,+492792191987
John Jones,DK,,mathiasnielsen@example.net,55485745,MCC,2025-02-24 16:59:35,+4544383353
Herdis Mathiasen,DK,,Sussie21@examplecom,14562930,MCC,2025-02-16 20:59:59,74166174
Sarah Smith,DK,,steffensenvictor@example.org,+72433251,TELE,2024-11-29 04:07:17,
Frederike Ayten Kabus,DE,,willfriedhering@example.com,38926475,MCC,2025-04-21 04:45:16,
Silas Petersen,DK,,pernillewinther@example.org,+4550956685,MCC,2024-12-30 07:07:09,
Sarah Taylor,DE,,saeuberlichdieter@example.net,+497331921901,MCC,2025-03-26 08:00:40,+497331921901
Gotthilf Ljiljana Holsten,DE,,miroslawagroettner@example.net,+490954462305,MCC,2024-11-04 22:10:32,
N. Ullrich,DE,,dwatkins@example.net,7901341353,MCC,2025-04-05 12:14:19,
Mara Löchel,DE,,plathtraude@example.com,8581854722,TELE,2024-12-24 21:48:32,
Thea Ivesen,DK,,nathanwallace@example.org,+4536166667,MCC,2025-04-03 02:53:03,zenia46@example.net
Troels Olen,DK,,ikoch@example.org,55809904,MCC,2024-11-24 17:57:53,
David Wilson,DE,FB25022821_DPAU7FNBbMcJqAsZ,uhuebel@example.org,+493746086153,MCC,2025-06-10 20:23:30,uhuebel@example.org
Nicoline Dorte Frandsen,DK,,johnsonbrianna@example.org,+4536484103,MCC,2025-02-11 16:01:12,niels66@example.org
Beatrice Kobelt,DE,,andre57@exampleorg,+492159711478,MCC,2025-05-14 07:06:50,
Trine Sørensen,DK,,dahlmartin@example.com,65818419,MCC,2025-04-12 13:22:17,
Sarah Smith,DK,,bojeandresen@example.com,+4532314781,MCC,2025-02-24 11:39:27,
Lisa James Bauer,DE,,Adelgunde85@example.org,+494472601145,MCC,2025-02-11 20:39:56,
Dorothe Speß,DE,,karl-ludwigscholl@example.org,0128796497,MCC,2025-01-31 12:21:31,
Emma Wilson,DK,,jwilliams@example.net,12453834,TELE,2025-01-26 21:55:19,
Ingelise Richard Steeffensen,DK,,andresenjohnnie@example.net,+4548331188,MCC,2025-06-16 09:48:02,
Margot Kühnert,DE,FB25010420_YTKAaNN49Lv8RAX7,Zhertrampf@example.com,+4910952922,MCC,2025-04-19 19:41:32,+2161951068
John Taylor,DE,,Ljunck@exampleorg,+497520649744,TELE,2025-03-22 08:55:46,
Anatol Scheuermann,DE,,niemeierjochem@example.org,+494986448597,MCC,2025-03-12 20:49:48,
Anastasios Käster,DE,,claerejuettner@example.org,(+49)2827199992,MCC,2025-03-23 11:11:54,
Gerhart Ullrich,DE,,Zschuchhardt@example.org,12704821,MCC,2025-04-14 05:53:54,+497307237851
Emma Brown,DE,,Junkenernst-otto@example.org,1246808060,MCC,2025-04-13 12:24:14,
Oscar Loos,DE,,leonhardstolze@example.org,+497790758744,MCC,2024-12-29 00:28:04,+497790758744
Øystein Rebecca Gregersen,DK,,hansentimmy@example.org,+4578605410,MCC,2025-04-23 16:57:23,
Bobby Gregersen,DK,,ostergaardsussanne@example.org,+4580690982,TELE,2025-05-02 02:50:16,
Emma Jones,DK,,lindhjalte@example.org,23072486,MCC,2025-05-10 08:42:46,
Lena Laursen,DK,,kjeldlund@examplenet,+4535818319,MCC,2025-04-08 13:18:36,
David Jones,DE,,wilkinsemily@example.org,+492947787961,MCC,2024-10-26 17:48:14,
Laura Lee Christiansen,DK,,jacksonjohnny@example.org,+4581965149,TELE,2025-04-01 16:51:25,
Georgine Sccheuermann,DE,,Awende@example.net,42972768,TELE,2025-03-17 19:07:07,+496680953471
Nina Hansen,DK,,Brandtanne@example.com,+4514180070,MCC,2025-01-30 09:55:48,
René Kriistensen,DK,,fnielsen@example.com,19282394,TELE,2025-05-06 22:52:12,
Bertram Hermansen,DK,,znissen@examplenet,+4558994724,MCC,2025-03-24 14:50:00,
Mie Hansen,DK,,tanjanorgaard@example.org,92565293,TELE,2025-02-13 10:54:21,
Emma Jones,DE,,msmith@example.org,+4908691450,TELE,2025-05-09 08:04:52,
Mark Taylor,DE,FB25011310_cU4VmmxdFfB4Sbz0,segebahndietlind@example.com,+4961215106,MCC,2025-03-08 08:12:12,
Benedikte Johansen,DK,,gmathiasen@example.org,+4520376040,MCC,2025-03-29 14:50:08,
Johanne Briemer,DE,,Mary39@example.net,6174160195,MCC,2025-05-20 17:42:56,
Zara Eric Christensen,DK,,Yskov@example...org,91887398,MCC,2025-05-01 07:29:29,+4581155601
Christine Knudsen,DK,,peder16@example.org,49907273,MCC,2025-01-27 17:07:14,
nadia sevim röhricht,DE,,eckharthendriks@example.org,+491574608059,MCC,2025-04-06 08:23:32,eckharthendriks@example.org
britta schmidt,DK,,andrew17@example.net,+4505334451,MCC,2024-11-20 06:44:38,gregersenaksel@example.net
Filippo Fischer,DE,,jennifernichols@example.net,(+49)4281898191,MCC,2025-04-24 20:19:52,
Joakim Lea Lassen,DK,,john85@example.com,+98351825,MCC,2025-03-25 11:39:27,
Fatima Ann Ernst,DE,,leokadialuebs@example.com,+498434514481,MCC,2025-05-11 11:01:29,
Liesbeth Nikolai Rihl,DE,,willywiek@example.org,+497489122419,MCC,2025-03-25 21:23:09,
Elfi Bartholomäus Hövvel,DE,FB25021318_J859yqRBveM7AHQK,eimerantonio@example.net,58124433,MCC,2025-04-12 17:02:43,
Nicoline Marie Schou,DK,,Lkjaer@example.net,89716354,MCC,2025-04-12 20:02:59,
Morten Koch,DK,,larsenmargit@example.com,+4558844915,MCC,2025-02-24 20:03:05,
Mark Wilson,DK,,thomassmith@example.org,+4554310279,MCC,2025-02-28 10:23:36,
Flemming Marie Jessen,DK,FB25011607_1pA8aHwncoeLj0do,amalienorgaard@example.net,+4558072184,MCC,2025-05-04 06:55:53,
John Taylor,DK,,zeniathygesen@example.com,34794075,MCC,2024-11-06 21:23:24,
Kurt Jakobsen,DK,,Bruungorm@example.org,34607511,MCC,2025-04-29 23:14:57,
Isa Hethur,DE,,patrizia75@example.net,8621181047,TELE,2025-03-17 11:08:41,
S. Hansen,DK,,pallen@example.net,24091665,MCC,2025-03-18 09:26:40,
Solvej Daniesen,DK,,kristoffersenmaya@example.org,08509372,TELE,2025-02-28 10:44:20,
Agnete Mathiasen,DK,FB25022322_tilgDVMNZUDKTFUt,nguerra@example.com,+4518268656,MCC,2025-05-16 21:38:28,ejeppesen@example.org
Marcella Sergei Budig,DE,,hoevelannett@example.org,53000055,MCC,2025-02-21 22:05:53,"+496970073878, hoevelannett@example.org"
Rikke Nissen,DK,,kimberlyray@example.com,+4572714980,MCC,2025-04-07 10:42:36,
Carsten Friedrich-Karl Jüttner,DE,,donna50@example.net,+493252842809,TELE,2025-02-28 17:10:42,Sauersusann@example.net
Wulf Ann Dowerg,DE,FB25010622_d4eCGVNKSy1JQxFq,Marta44@example.net,+495487250555,MCC,2024-11-25 21:14:49,
John Taylor,DE,,egonnerger@example.org,+492554836284,MCC,2025-04-02 17:42:34,
Hjalte Mogensen,DK,FB25011022_yXek0PcRy6djXiuw,hermansenalberte@example...com,,MCC,2025-01-19 21:30:32,+4505240029
Elsa Janin Vogt,DE,FB25031623_kPayyHxvVpCZaOLL,wenckestolze@example.com,+4972474780,MCC,2025-06-19 22:01:49,
Mimi Vestergaard,DK,,steven22@example.com,+4589400408,MCC,2025-02-07 07:49:02,
regitse hansen,DK,,kjeld90@example.net,+4580920772,MCC,2024-12-11 23:10:41,+4577525111
Zehnia Jensen,DK,,johannes46@example.net,95629027,TELE,2025-03-12 10:54:21,
Elin Christtensen,DK,,Gunnar48@example.net,+4574665502,TELE,2025-05-08 13:03:02,
Villads Andreasen,DK,,majkenbach@example.org,+4529985053,MCC,2025-05-03 14:07:46,
Dorte Lind,DK,,norgaardliva@example.com,+4532696444,MCC,2025-05-22 11:55:34,+4553357792
Emily Åse Gregersen,DK,,lepeggy@example.com,+4571050324,MCC,2025-02-20 07:17:48,
T. Hamann,DE,FB25011015_0rzY54IXjtDrzCHJ,theklaaustermuehle@example.com,+498953061788,TELE,2025-04-06 14:05:41,theklaaustermuehle@example.com
Sergei Ackermann,DE,,ira20@example.net,+493879573676,MCC,2025-04-16 18:53:51,
Sarah Taylor,DK,,ronjakjeldsen@example.com,+4576688149,MCC,2025-04-26 20:19:22,25903547
John Smith,DK,,frederiksimonsen@example.net,+4535706573,TELE,2025-01-27 07:42:35,
Mark Wilson,DK,,davidstokes@example.net,+4579547070,MCC,2024-11-21 07:26:55,83854203
Anne Leif Frandsen,DK,,isabella28@example.net,+4573858757,MCC,2024-11-03 11:26:12,
Kristine Schultz,DK,FB25020713_lclI0e6pdNvRimhm,margaretgarcia@example.com,+4515736608,TELE,2025-04-28 12:27:20,Holstdan@example.net
odette lassen,DK,,carlsenlea@example.net,90307228,MCC,2025-05-07 12:25:13,
Heinz-Otto Losekann,DE,,fhaenel@example.net,+490032026734,TELE,2025-07-14 21:42:27,
Zelma Brandt,DK,,mikaelhansen@example...com,77156262,TELE,2024-11-21 16:56:18,+4562513737
David Smith,DK,,mathilde81@example.com,(+45)29695604,MCC,2025-06-03 19:50:50,
M. Heser,DE,FB25011007_tG0JEqjcVcuPKcsn,melissadavis@example.com,+4950728462,MCC,2025-02-15 06:04:11,gotthardalexa@example.org
Jenny Möchlichen,DE,,beckyfoley@example.com,+491755985985,MCC,2025-04-07 06:19:42,umatthaei@exampleorg
Jacqueline Nick Thomsen,DK,,Zehnianielsen@example.com,+4570015432,MCC,2025-01-28 07:59:58,
B. Lind,DK,,zjacobsen@example.com,+4505269401,MCC,2025-04-28 16:37:45,
Sarah Taylor,DE,,angelikaladeck@example.org,15156101,MCC,2025-01-28 16:01:00,
Emma Wilson,DK,,mandreasen@example.net,+4580251536,MCC,2025-01-01 20:53:23,
O. Kristiansen,DK,,scott40@example.com,+4519221067,MCC,2025-03-12 10:19:26,rasmussenclavs@example.net
Mathias Hans-Adolf Graf,DE,,Larsbenthin@example.com,25188423,TELE,2025-01-26 10:50:24,
K. Ruppert,DE,,sterry@example.org,6652053407,MCC,2025-04-12 06:14:47,
bertram boris kristoffersen,DK,,brandi55@example.org,+4553711613,MCC,2025-06-13 12:55:20,jonathaniversen@example.org
Alla Heidrich,DE,,zrice@example.org,+4915346640,MCC,2025-04-16 10:23:30,"+495944206159, rebecca27@example.net"
John Finke,DE,,auch-schlauchinstella@example.org,+491153813551,TELE,2025-04-05 15:38:59,
Carsten Kristiansen,DK,,Toftdanny@example.net,12718685,MCC,2025-03-17 23:10:41,
Mark Jones,DK,,sklausen@example.com,+4552128809,MCC,2025-04-10 18:55:48,
Karl-Georg Pia Kraushaar,DE,,ilka71@example.net,(+49)6118585675,TELE,2025-03-31 14:05:41,"(+49)6118585675, ilka71@example.net"
Z. Jessen,DK,FB25010622_V5kSVDwozXPrIW6r,christiansentine@example.com,28297830,TELE,2025-05-03 21:15:40,28297830
Mohammad Salz,DE,,scheibeditmar@example.net,495642290578,TELE,2025-03-31 18:25:52,
Emma Jones,DE,FB25011219_RDc6W9BNP0jt9nkp,david80@example.com,+496031867997,TELE,2025-02-25 18:25:52,
gina ilka krause,DE,FB25022022_K9otZMfTKByuQ7mx,Bienreimund@exampleorg,+8760883113,MCC,2025-03-09 21:34:41,
karl-josef orhan riehl,DE,,h-dieterjunk@example.org,52713755,TELE,2025-02-09 09:30:19,+499477407266
H. Kohl,DE,,franz-peterflantz@example.net,+495168970673,TELE,2025-07-15 21:48:32,
Vassilios Davids,DE,,gstoll@example.net,24470234,MCC,2025-06-12 22:41:45,9773816352
Gerfried Corinna Oestrovsky,DE,,schultzsara@example.net,+498402126574,MCC,2024-12-30 21:34:41,bhecker@example.org
Jenny Schmidt,DK,,borris20@example.net,26183984,MCC,2025-05-14 11:45:06,+4556722807
M. Jacobsen,DK,,ftoft@example.net,14185197,MCC,2025-05-12 15:50:39,
Iris James Häring,DE,,Cscholz@example.org,+493749358506,MCC,2025-04-11 20:23:30,
Mark Wilson,DK,,kbryan@example.org,69598569,TELE,2025-05-01 21:50:39,
Emma Skov,DK,,piercecheryl@example.org,77962617,MCC,2025-05-07 07:46:10,
Anne Kenn Poulsen,DK,,alauritsen@example...com,+4582333046,MCC,2025-05-01 13:40:01,
emma kasper larsen,DK,,christoffersennanni@example.org,+4510935387,MCC,2025-02-04 16:21:40,
Käthi Urs Klingelhöfer,DE,,Xaver97@exampleorg,+4951592734,MCC,2025-01-20 20:31:17,
laus johannes winther,DK,,zjakobsen@example.org,19395690,MCC,2025-02-25 16:21:52,
Freja Mik Poulsen,DK,,shelleyhiggins@example.org,79014540,MCC,2025-04-18 23:50:08,+4567901159
Mie Bruun,DK,,schultznanni@example.org,+4521283422,MCC,2025-03-27 13:04:02,
Trine Doris Ravn,DK,,reneolesen@example.org,80178235,TELE,2024-11-07 21:14:53,
Micha Editha Henk,DE,,Krausegunnar@example.net,+497336772234,TELE,2025-03-01 16:09:08,
Emma Jones,DK,FB25011609_nVdzyTGuT4nsvtdC,Vestergaardronnie@example.com,+4573953626,MCC,2025-02-19 08:18:12,+4574238938
Marion Grein Groh,DE,,Petrosschuchhardt@example.org,1534524522,TELE,2025-04-22 09:15:52,1534524522
Mark Jones,DK,,karen72@example.net,+4593787178,MCC,2024-11-30 08:18:12,
Nikolaus Bruder,DE,,etzoldjo@exampleorg,+495565700990,MCC,2025-03-21 20:34:36,
jack jensen,DK,,skovjan@examplecom,+4582821553,MCC,2025-05-03 03:49:37,
Yda Lauritsen,DK,,bruno11@example.com,53302526,MCC,2025-05-02 13:51:36,
Milena Stolze,DE,,zirmefranjo@example.net,5038403892,MCC,2025-06-26 17:46:12,
David Brown,DE,,lorenzo37@example.org,83064972,MCC,2025-04-07 19:23:55,
Ronja Lauridsen,DK,,Mschultz@example.org,+4585816109,MCC,2025-04-04 12:31:15,+4553910947
Tage Uffe Søndergaard,DK,,dfox@example.net,+4569092014,MCC,2025-04-10 11:39:05,+4510862860
Henry Nørgaard,DK,,ronnylauridsen@examplenet,+4539549514,MCC,2025-05-20 15:01:08,
Karen Karina Kjær,DK,,osmith@example.net,+4541143670,MCC,2025-04-25 21:52:12,+4523874360
Ken Brandt,DK,,oholm@example.org,82573237,MCC,2025-03-18 12:16:37,oholm@example.org
M. Svendsen,DK,FB25011020_yljUIeT7472MnkIz,phillipgarcia@example.org,29757116,TELE,2025-01-22 19:04:33,
Reinhilde Hornig,DE,FB25020809_f3AMGgI9YZBUuweY,schmiedtjanin@example.net,+493617379159,MCC,2025-05-06 08:55:46,
Patrick Andreasen,DK,,jasoncosta@example.net,+4566084797,TELE,2025-03-08 14:50:02,birthe03@example.net
Marcus James Thygesen,DK,,hlawrence@example.org,+4577224889,MCC,2025-02-25 13:03:02,
Preben Ravn,DK,,micheal55@example.net,+4582373696,MCC,2025-02-22 00:54:16,"+4519162017, gunnar03@example.net"
Richard Thygesen,DK,,kirkfrancisco@example.com,+4558640873,MCC,2025-04-14 12:53:24,
Sarah Brown,DE,,sieglindekaul@example.net,+492176253441,MCC,2025-07-08 09:54:23,
Agnes Zelma Henriksen,DK,,mjorgensen@example.net,+4528881679,MCC,2025-01-18 05:13:53,
Ane Kristoffersen,DK,,oscarthomsen@example.com,61921658,MCC,2025-01-09 22:27:25,+4597385533
Ebbe Beth Olsen,DK,,sonjaschultz@example.com,+4516653932,MCC,2025-06-23 14:14:26,sonjaschultz@example.com
Signe Henriksen,DK,,elladahl@example.net,92600549,TELE,2025-05-20 07:44:12,
Sarah Smith,DE,,michelle26@example.org,4227313739,TELE,2024-10-26 18:02:24,hartungutz@example.net
S. Simonsen,DK,,lindamartin@example.net,+4510601879,TELE,2025-04-04 21:44:12,
Jenny Frederiksen,DK,,fsmith@example.com,+4586176449,TELE,2025-02-04 09:57:33,"68241116, signehermansen@example.com"
Dagmar Sørensen,DK,,freddy24@example.net,84864777,MCC,2025-05-31 14:54:02,
Rabea Gierschner,DE,,daltonbrown@example.net,+4941002369,MCC,2025-03-20 02:59:09,
Merethe Laursen,DK,,mariapedersen@example.org,+4554760903,MCC,2025-05-23 17:36:10,
Silvester Heser,DE,,powellkatie@example.net,+0099630003,MCC,2025-03-24 21:14:49,ischmidtke@example.com
Ragna Nilsson,DK,,ursulasteffensen@example.com,38415104,MCC,2025-04-22 14:02:13,98444962
Dietmar Stanislaus Huhn,DE,,ingrid93@example.com,+490833856110,TELE,2025-03-25 07:55:51,
Marie-Therese Mans,DE,FB25032516_5kHQmjfUexNA9TU3,williamslance@example.net,+498293600490,MCC,2025-04-07 15:56:15,
bernhard thanel,DE,,julieatkinson@example.org,88021616,TELE,2025-03-24 12:16:14,cheser@example.net
John Brown,DK,,Christina23@examplecom,46671693,MCC,2024-12-13 08:55:38,
Selma Marie Frandsen,DK,,Birgitkristoffersen@example...com,+4512992907,MCC,2025-05-02 18:26:08,
Aksel Olsen,DK,,natalieflores@example.org,90192178,MCC,2025-02-26 12:52:55,"+4593767024, anders24@example.org"
Sussanne Mikael Schmidt,DK,,valdemar04@examplecom,+45(+45)10618537,MCC,2025-04-21 13:55:24,
Amalie Ptersen,DK,,yskov@example.com,19922273,MCC,2025-02-23 07:40:03,+4574631889
Dino Guido Hölzenbecher,DE,,joshuasmith@example.org,+499872717962,TELE,2025-07-07 22:01:49,Vadimgeisler@example.org
C. Barkholz,DE,,sandromargraf@examplecom,18520605,MCC,2025-02-18 02:20:08,
James Østergaard,DK,FB25012022_uvPo5TGexjiUH9EY,laus66@example.org,38121822,TELE,2025-04-09 21:37:30,
Ernst Jan Sørensen,DK,,timothy78@example.org,95738717,MCC,2025-03-13 05:55:22,
Åse Koh,DK,,rfriis@example.com,57541820,MCC,2024-11-07 13:13:19,
David Carlsen,DK,,bertilmadsen@example...org,+4588658544,MCC,2025-04-02 18:34:31,
Malou Klausen,DK,,eriksenyan@example.com,88309313,MCC,2025-04-05 18:49:32,
Øyvind Mikkelsen,DK,,Piajohansen@example.net,16845994,MCC,2025-05-06 09:51:40,
Aleksandar Weiß,DE,,josetorres@example.com,+490519200255,MCC,2025-06-15 21:28:46,
Kunibert Jopich,DE,,hoefiglaura@example.net,+4913937690,MCC,2025-04-27 21:28:46,
R. Klausen,DK,,Rjohnsen@examplecom,81862261,MCC,2025-02-20 11:22:53,
Rene Wäner,DE,,carrie31@example.com,+492339156282,MCC,2025-04-28 07:34:13,barkholzwalter@examplecom
Marcus Ullrich,DE,,gertrudhartmann@example.com,+491540661513,MCC,2025-06-02 09:04:40,
David Brown,DE,,tonyjohnson@example.net,+493921818807,MCC,2025-03-18 22:10:32,
Minna Toft,DK,,lberg@example.com,27595227,MCC,2025-05-30 21:40:15,
Alicia Trapp,DE,,ksanchez@example.net,+490042729263,MCC,2025-06-03 09:02:27,
Mirjana Bloch,DE,,paynelance@example.com,9451943260,MCC,2025-05-24 15:53:49,"9451943260, Jhornich@example.com"
Jack Sine Vestergaard,DK,,Karlsenronny@example.com,18933151,MCC,2025-04-02 12:35:55,
Emma Brown,DK,,yrichards@example.org,+18423989,MCC,2025-04-04 02:19:32,schristoffersen@example.net
Maria James Kristoffersen,DK,,kirstine75@example.org,20712523,TELE,2025-04-27 19:04:33,
Ralph Klingelhöfer,DE,,angel21@example.com,+496174899443,TELE,2025-03-22 04:57:11,"+496174899443, pmitschke@example.org"
Alfred Schuster,DE,,woldemar53@example.com,+497347027465,TELE,2025-07-12 23:13:58,
Caroline Ortwin Koch II,DE,,riehltraudel@example.com,45342812,MCC,2025-06-30 22:00:53,
Paul Knudsen,DK,FB25011105_qRKG9Tx6JyPhslvB,ibenhansen@example.com,97259501,MCC,2025-04-04 04:43:34,
Sarah Smith,DK,,olsenlasse@example.org,81005632,MCC,2025-02-26 20:19:22,
Trudi Scheel,DE,,charles13@example.org,+4989985484,TELE,2025-04-24 02:22:15,8323174075
Emma Jones,DK,,dsondergaard@example.com,+4559407717,MCC,2025-02-03 07:26:02,
Daniella James Henriksen,DK,,Oscardahl@example.com,+4524642784,MCC,2025-04-07 07:44:57,
Minna Toft,DK,FB25011600_QxmmMYhpjgSdFLGY,lberg@example.com,27595227,MCC,2025-03-29 23:50:08,
Anneke James Mosemann,DE,,nwohlgemut@example.com,+9086886243,TELE,2025-03-21 19:36:43,
Rosa Thygesen,DK,,andresenlaura@example.org,+4508100474,MCC,2025-03-25 10:14:58,
Christa-Maria Trüb,DE,,yroehricht@example...org,+4940977880,MCC,2025-05-12 06:27:52,
Bianca Pölitz,DE,,eberhardtchrista-maria@exampleorg,7006840155,TELE,2025-03-27 17:57:26,
Adam Malou Bech,DK,,uffe67@example.org,+4595782798,MCC,2025-04-30 20:59:44,
Ivana Susanne Bloch,DE,,jonas78@example.com,31761631,MCC,2025-06-21 23:09:22,+499982719397
Jano Ulla Karlsen,DK,,henrik80@example.net,68433610,TELE,2025-04-15 18:21:03,
Trine Frandsen,DK,,jakobsenlucas@example.org,+4535718095,TELE,2024-10-13 17:55:33,
Albert Ken Jørggensen,DK,,vagndanielsen@example.net,88020210,TELE,2025-06-13 07:44:12,
German Siring,DE,,wallskristina@example.org,10705573,TELE,2025-07-04 17:25:39,karlheinzhornig@exampleorg
Jytte Poulsen,DK,FB25011709_5SODozYsU2Z0RTw0,Nicolinethorsen@example...net,+4557252161,MCC,2025-04-17 08:25:31,
Uffe Mortensen,DK,,Hjalte29@example.net,30901575,MCC,2025-03-04 17:56:04,
Agnieszka Hentschel,DE,FB25030320_NEcaWxwlm7Nxe34J,angelinarogner@example.org,+491811238697,MCC,2025-05-01 19:36:43,
Tine Ann Jespersen,DK,,cclausen@example.org,53755071,MCC,2025-01-02 19:53:17,
Babette Drubin,DE,,schusterhansjuergen@example.org,33930570,MCC,2025-05-06 10:45:42,
Ragnar Thygesen,DK,,ocarlsen@example.net,58379148,MCC,2024-12-17 16:57:16,
Mia Oscar Brandt,DK,FB25020408_oNqExF0fMLKwlXJ6,christyedwards@example.net,92504919,MCC,2025-02-25 07:06:04,
Osvald Merete Andersen,DK,,christian68@example.net,+4525006849,MCC,2025-04-12 12:32:43,
D. Bruder,DE,,alice27@example.org,496184663977,MCC,2025-02-16 05:17:20,misicherandrea@example.com
Lorenzo Fechner,DE,,burkardniemeier@example.org,2306294743,MCC,2025-05-05 12:26:44,burkardniemeier@example.org
Mark Wilson,DK,,oleon@example.org,19714683,TELE,2025-04-08 08:34:46,Daniel93@example.net
Gundhild James Christiansen,DK,,hmathiesen@examplenet,14259283,TELE,2025-04-27 16:57:23,
John Jones,DK,,ffrandsen@example.org,+4576924537,TELE,2025-03-17 06:36:27,
Alvin Dorte Eriksen,DK,,odavis@example.net,+4599079751,MCC,2025-04-15 08:42:57,+4565340078
Dorthe Ravn,DK,FB25012103_sGdTSWQ7wc56OSn6,Tbertelsen@example.com,+4550944290,MCC,2025-04-11 02:01:47,"+4559733703, Tbertelsen@example.com"
Krzysztof Friedrich-Wilhelm Müller,DE,,athanasios70@example.com,+493269679158,MCC,2024-11-28 20:43:38,athanasios70@example.com
Rosmarie Böörner,DE,,wlorch@example.com,64122733,MCC,2025-04-28 16:52:36,+493307332753
Sørine Thygesen,DK,,aage59@example.com,66036292,MCC,2025-02-18 21:52:16,+4555548445
Rosa Schmidt,DK,,aprilroman@example.org,+4598458433,MCC,2025-03-24 15:48:36,
Swen Ellen Linke,DE,,gfoerster@example.net,9850706868,MCC,2025-02-02 10:16:39,9850706868
Emma Brown,DK,,peterpaulsen@example.com,+4511101193,MCC,2025-04-06 10:45:36,
Dan Overgaard,DK,,Andrebech@example.com,+4525718689,MCC,2025-04-30 12:56:42,+4592288828
John Brown,DK,,lennarth15@example.org,02647553,MCC,2025-03-14 08:42:46,
J. Knudsen,DK,,svenningmikkelsen@example.org,81173612,MCC,2025-03-02 19:06:30,
Nick Steven Clausen,DK,,joshuabowers@example.net,+4540229323,MCC,2025-03-30 07:26:58,ehansen@example.net
Anders Berg,DK,,dennis18@example.org,72633152,MCC,2025-03-31 12:47:15,
Mark Taylor,DK,,jacobsenjohnny@example.com,89499468,MCC,2025-03-02 10:25:06,
Jenny Kristensen,DK,,qchristensen@example.org,+4571312227,TELE,2025-04-10 07:26:02,
Georg Bertelsen,DK,,jacobine58@example.net,+4551524380,MCC,2025-02-02 20:37:02,
Patricia Nielsen,DK,,janjensen@example.org,+61780035,MCC,2025-03-18 22:52:12,
Zehnia Iben Schou,DK,,Larsenbrian@example.com,44949791,MCC,2025-05-12 06:27:15,44949791
Gunnar Bach,DK,,mimiskov@example.net,02053811,MCC,2025-02-15 09:06:56,mimiskov@example.net
Jakob Riehl,DE,,junitzkarl-dieter@example.net,+495079581429,MCC,2025-06-16 11:34:29,
Mogens Henriksen,DK,,fjeppesen@example.net,+26967318,MCC,2025-03-17 14:07:46,
Johnny Nilsson,DK,,jean28@example.com,47617662,TELE,2024-11-27 22:09:50,
Jack Johnny Jespersen,DK,,hendersonjerry@example.com,84344612,MCC,2025-03-21 14:08:07,pbech@example.net
Janne Dam,DK,,michaelchristensen@example.com,59566846,MCC,2025-04-17 17:21:37,
gülsen dippel,DE,,tsantiago@example.net,+493008444367,TELE,2025-02-04 07:53:54,aruppert@example.org
John Jones,DK,,zelma89@example.net,11857105,TELE,2025-01-23 09:59:00,
Conny Knudsen,DK,,hanneskov@example.org,+4504964563,TELE,2025-05-16 20:54:55,
Iben Jesper Andresen,DK,,ulla26@example.org,+4582822911,MCC,2024-12-07 16:16:09,"61233595, ulla26@example.org"
Sine Ann Jepsen,DK,,thompsondennis@example.com,57260568,MCC,2025-01-13 08:36:00,henriksenfrederikke@example.org
Kirsten Andersen,DK,,gorozco@example.com,+4580178383,TELE,2025-04-01 15:06:24,
Mark Jones,DE,,nurettin92@example.com,+4954649560,TELE,2025-05-03 19:03:02,
B. Dam,DK,,zbach@example.net,45367262,MCC,2025-02-21 16:01:12,
Zenia Brandt,DK,,heidibach@example.org,+4595216799,MCC,2025-01-18 21:50:39,
Jacqueline Lee Mortensen,DK,FB25012610_cHKzxaXgtZmIwooE,npetersen@example.net,+4545372269,TELE,2025-02-28 09:57:33,
Eric Overgaard,DK,,christensenklaus@example.org,65122097,MCC,2025-03-19 22:27:19,
Sarah Brown,DK,,Mbach@example.org,+4537839895,MCC,2025-04-14 19:52:24,
Agnes Bruno Clausen,DK,,herman07@example.net,+4548966919,MCC,2024-11-10 22:24:58,+4548966919
Holger James Madsen,DK,,joakim72@example.com,+4540406500,MCC,2025-01-23 02:19:32,
Asta Frandsen,DK,,mortensendina@example.com,34628344,MCC,2025-03-07 06:01:15,34628344
Connie Lauritsen,DK,FB25011311_VLd0zmagpodl9MWS,kskov@example.net,+4578147511,MCC,2025-03-05 10:23:36,(+45)99499001
John Smith,DK,FB25011216_py3Z5TQtEgr1RpV1,plynch@example.org,+4572999271,MCC,2025-02-01 15:51:47,
Bertil Katrine Simonsen,DK,,cthygesen@example.net,+4561137582,MCC,2025-02-02 21:37:38,
Mark Jones,DE,,yvonne60@example.net,24853197,MCC,2025-03-03 09:33:35,+498092137901
Victoria Jesen,DK,,frederiksengerda@examplecom,18338501,MCC,2024-10-28 12:32:54,
Johanne Berg,DK,,holger06@example.org,+4581963645,TELE,2025-04-27 13:47:08,
Ørni Paulsen,DK,,arobinson@example.org,02379862,MCC,2025-03-14 20:49:10,"02379862, ulla82@example.com"
Janna Ebert,DE,,karen39@example.com,+4994983719,TELE,2025-06-04 21:06:17,doerschnersiegmund@example.com
Uffe Dahl,DK,,ericbrown@example.net,+4546970837,MCC,2024-11-11 08:34:40,
Oswald Hentschel,DE,,steven83@example.net,+4988343426,MCC,2025-01-18 11:58:37,+490437666909
Brian Hermansen,DK,,Carlsenyvonne@example.net,88825482,MCC,2025-03-11 21:30:32,
Frank Winni Christiansen,DK,,lassenclaus@example.net,+4576360398,TELE,2025-02-22 22:41:07,
Tilde Lund,DK,,Dorisiversen@example.com,+4574465310,MCC,2025-03-27 13:38:54,
Asger Kjeldsen,DK,,Dinapedersen@example.net,+45(+45)85429239,MCC,2025-04-01 09:36:48,
Claudio Holt,DE,,janettsteckel@example.org,+492429142880,MCC,2025-02-05 07:34:49,
Centa Marie Jacob,DE,FB25010803_hu1rQes4qKlTQiu1,savagelisa@example.com,5981403000,MCC,2025-02-19 02:59:09,
lasse hermansen,DK,,Mathiasenhugo@example.net,87284483,MCC,2025-04-10 19:18:56,+4537161489
Cristina Conradi,DE,FB25012017_CqtrnBsHiDO5NkkU,ackermannfernando@examplecom,9764252115,MCC,2024-11-06 16:23:29,
Jaqueline Trüb,DE,,paffrathpawel@example.com,6096862115,MCC,2025-05-05 18:09:28,
Reinhold Sager,DE,,qschlosser@example.net,+4971028897,TELE,2024-12-18 17:16:25,
Dorota Rosemann,DE,,Magaretewesack@example.net,+4960380691,MCC,2025-05-01 07:56:26,+498591444495
Liselotte Becker,DE,,jacobedeltrud@example.net,+495807749773,MCC,2025-03-29 09:34:18,
Kreszentia Hoffmann,DE,,pgomez@example.net,+493398594922,MCC,2025-02-22 16:03:25,
Sibel Cspar,DE,FB25021416_ezv84tdSUo6WMqYc,Gerhardt46@example.org,492691160835,TELE,2025-03-27 15:38:17,
Simone Andersen,DK,,xkrogh@example.org,13636512,TELE,2025-02-18 07:53:32,
Gernot Schäfer,DE,,connymans@example.com,8794608516,MCC,2025-06-01 16:40:30,
Andrea Paulsen,DK,,omartin@example.net,+4524223906,MCC,2025-03-14 13:38:54,annakristoffersen@example.net
Boe Østergaard,DK,,mariaschmidt@example.com,+4599281490,MCC,2025-03-28 13:15:29,
John Taylor,DK,,renejohansen@example.net,+4545475042,MCC,2025-05-21 08:43:56,renejohansen@example.net
Sanne Thorsen,DK,,eovergaard@example.com,+4524889592,MCC,2025-06-04 21:44:12,
Judith Rabea Hüel,DE,,lflantz@example.com,+4959027188,MCC,2025-05-14 06:50:40,
Birgitte Winther,DK,,jacquelinehernandez@example.com,70070212,TELE,2025-05-05 11:34:22,Sorinenissen@examplecom
Emma Jones,DK,,lsimonsen@example.com,29782905,TELE,2025-01-15 09:11:20,06904917
Mads Gustav Kristoffersen,DK,,annemettekarlsen@example.com,+88129203,MCC,2025-03-13 12:27:20,
Sofie Britta Berg,DK,,mjorgensen@example.com,+4573815133,TELE,2025-03-24 23:09:54,
Christine Mia Toft,DK,FB25011110_tt5wceWGIWeksqQ6,hugonissen@example.org,12599879,MCC,2024-10-16 09:25:58,
tatiana felix benthin,DE,FB25010412_buTSveu1I97S6MJi,Horst-peterdrewes@example.org,83410167,MCC,2025-03-01 11:30:01,+490812644755
Bernd-Dieter Baldur Jäntsch,DE,FB25011123_br6z2g3P92TLLSNS,brian97@example.com,3493305956,MCC,2025-03-01 22:05:53,
Iwan Barkholz,DE,,Schleichmathilde@example.org,9268444064,TELE,2025-03-02 19:32:22,
Mathias Jacobbsen,DK,FB25011101_Kc9NbvevkEyjUItn,littlesheila@example.org,+4589597655,MCC,2025-03-26 00:40:56,Nora70@example.net
Jeannette Eimer,DE,,Irene35@example.net,+499073255594,TELE,2025-03-01 17:16:25,
Peggy Mahmoud Reinhardt,DE,,stiebitzhans-hermann@example.com,+490809223623,MCC,2024-12-03 15:56:47,
Kåre Klausen,DK,,lena59@examplecom,+4592802872,MCC,2025-04-10 08:14:54,
Mark Jones,DK,,Osvaldschmidt@example.org,+4538204385,MCC,2025-05-16 20:59:44,
Kirsten Jakobsen,DK,,wilkinsandrea@example.com,+4538984182,MCC,2025-04-09 16:22:03,ngregersen@example.net
Gero Kühnert,DE,,rosi64@example.net,+4972059141,MCC,2025-05-12 12:21:31,
Marcus Gregersen,DK,,victoria23@example.org,49242231,MCC,2025-01-27 08:22:07,
Giovanni Schleich,DE,,konradruppersberger@example.org,54710126,TELE,2025-01-31 10:04:28,
I. Frederiksen,DK,,Gmathiesen@example.com,+4542034322,TELE,2025-04-23 12:20:29,"34788956, Gmathiesen@example.com"
Victor Timmy Bertelsen,DK,FB25010913_f5AM99EPRycVlT12,minna88@example.net,+4516838535,MCC,2025-04-19 12:47:15,
Carla Kristensen,DK,,andresennanni@example.net,45633263,MCC,2025-03-25 21:15:40,
René Henriksen,DK,,larsenovli@example.com,+4574105437,MCC,2025-04-06 14:50:18,
David Smith,DK,,sinejessen@exampleorg,+4508496816,MCC,2025-05-19 21:05:59,
Rupert Sölzer,DE,,hornighalina@example.org,+4964400048,MCC,2025-04-30 11:24:49,+492262936590
David Wilson,DE,,weitzelerhard@example.com,+0346990852,TELE,2025-04-07 12:27:50,
merete toft,DK,,kurt34@example.org,55774051,MCC,2025-04-19 22:41:07,82707699
Bertil Jacobsen,DK,,amanda71@example.com,69490989,TELE,2025-02-02 14:50:18,
Danica Blch,DE,,bartondaniel@example.net,+4993486488,MCC,2025-01-12 23:20:31,
Ivan Lee Andersen,DK,,ronaldhall@example.com,41277729,TELE,2025-06-11 20:11:59,britt46@example.org
alvin kjær,DK,,Ida28@example.org,+4506486877,TELE,2024-10-20 00:40:56,"+4582705419, Ida28@example.org"
Ludvig Matthias Madsen,DK,,lauridsenboje@example.net,+45(+45)76089645,MCC,2025-02-05 23:32:08,
Anneliese Koch,DE,,arzubeyer@example.org,+499195854426,TELE,2025-06-28 09:51:57,+499195854426
Celal Hans-Günther Gehringer,DE,,xbolnbach@example.net,+499929038676,MCC,2025-05-01 21:24:56,
J. Becker,DE,,mosemannilse@example.org,+493130932006,TELE,2025-04-14 19:38:24,
Babett Schleich,DE,,trubsabine@example.net,+0324457762,TELE,2025-06-07 23:22:48,
Mark Brown,DE,,brittanyrobinson@example.com,6411069239,MCC,2025-07-08 22:15:48,heiner55@example.net
Kaspar Katrine Iversen,DK,,kare33@example.com,35580103,MCC,2025-06-02 15:50:39,
Steven Pamela Walter,DE,,Sergejzirme@example.org,76079087,MCC,2025-03-07 01:18:56,
Stine Schultz,DK,FB25020407_iicOklAAA1dTpOLi,lundelna@example.net,22456427,MCC,2025-03-11 06:05:02,
Erwin Wagenknecht,DE,,tconrad@example.com,+490136932592,MCC,2025-04-21 11:39:48,Arndt97@example.org
K. Johann,DE,,ralf-dieter40@example.org,3455360965,MCC,2025-01-14 09:22:39,
H. Seidel,DE,,rmiller@example.org,+4964561675,MCC,2025-06-12 16:07:49,"+1073255387, oruppersberger@example.com"
Carlo Mathiasen,DK,,gfrederiksen@example.org,+4542454565,TELE,2025-02-01 16:33:55,
Birgitte Bach,DK,,Covergaard@example.com,+15924965,MCC,2025-06-05 00:36:54,
Traudel Miroslaw Säuberlich,DE,,seidelpedro@example.org,+4995604826,MCC,2025-04-27 07:28:58,+492853686388
Wladimir Ann Höfig,DE,,gonzalesethan@example.org,00283919,MCC,2025-04-18 15:38:17,"+492407879541, pholzapfel@example.com"
Hans Georg Josephine Ostrovsky,DE,,aynurgeissler@example.org,+493690056934,MCC,2025-03-09 06:00:19,
Sarah Smith,DE,,morgan13@example.org,+4942998755,MCC,2025-04-24 17:42:56,
Gunner Larsen,DK,,ewinther@example.net,+4541880366,TELE,2025-06-20 11:58:09,
Emmi Carola Pölitz,DE,,svea42@example.org,3486880031,MCC,2025-01-27 11:30:01,
Sergio Pechel,DE,,juergenrohleder@example.com,+4937463634,MCC,2025-03-10 14:47:12,
Ottfried Gehringer,DE,,williamskelsey@example.net,+490060293856,MCC,2025-03-07 07:06:41,+490060293856
M. Reinhardt,DE,,rohlederkriemhild@example.org,+492419558565,TELE,2025-06-01 22:42:45,
Klaus Lisette Jacobi Jäckel,DE,,ennoetzler@example...org,49919278,TELE,2025-04-12 18:15:12,
nikolai schultz,DK,,zbach@example.com,55286967,MCC,2025-03-29 08:02:40,
Henrik Mielcarek,DE,,lindaharloff@example.net,+499903938333,MCC,2024-11-28 14:52:52,"+499903938333, lindaharloff@example.net"
Ekaterina Eberhardt,DE,,julius42@example.com,8238165616,MCC,2025-04-16 11:11:12,
Ingelise Ann Poulsen,DK,,carlsenronny@example.net,+4541045035,MCC,2025-06-03 12:34:55,carlsenronny@example.net
August Østergaard,DK,,kristine20@example.org,82503672,MCC,2025-06-24 20:15:06,
Elsebeth Sonja Schultz,DK,,ethan32@example.org,+4505959052,TELE,2025-02-15 01:17:46,
Friedrich-Karl Ruppersbberger,DE,,stadelmannelfriede@example.com,+496806585975,MCC,2025-05-03 12:28:56,+496806585975
Jan Jespersen,DK,,zachary09@example.com,+4547570918,MCC,2025-02-10 09:25:58,Lauritsenkarsten@example.net
Katrine Gregersen,DK,,rileykathy@example.com,4588006640,MCC,2025-04-11 07:02:53,
Amelie Seidel,DE,,qklapp@example.net,9786624301,MCC,2025-05-06 20:49:44,qklapp@example.net
Ron Dam,DK,,barberrebecca@example.com,+4554947413,MCC,2025-04-01 08:12:32,sarahhenriksen@example.net
Emma Brown,DK,,kristiansenclara@example.com,+4597712103,MCC,2025-03-10 21:08:40,01171335
lea katcha mathiasen,DK,,mlauridsen@exampleorg,11679883,MCC,2025-05-13 06:07:18,"89194797, mlauridsen@exampleorg"
Ottfried Veit Heidrich,DE,,kranzgeorgia@example.org,83306416,MCC,2025-05-19 07:27:23,9210968856
Bob Mathiesen,DK,,gjespersen@example.org,18052813,TELE,2025-03-17 18:57:42,
L. Rogge,DE,,bettyriehl@example.org,+493462544766,MCC,2025-01-28 14:36:53,
David Brown,DE,,wulffalmut@example.net,+4921560128,TELE,2025-04-21 07:15:11,"0637775411, wulffalmut@example.net"
Emma Wilson,DK,FB25012118_XL9EvkLbUlUETZHf,klauridsen@example.net,+4575591891,TELE,2025-04-13 17:21:37,+4572520650
K. Lauridsen,DK,,jonna11@example.net,+4530766774,MCC,2025-02-10 16:59:13,
Alicia Paffrath,DE,,dlopez@example.net,0392852114,MCC,2025-06-25 11:20:20,Hoevelcarin@example.net
Juergen Ann Beier,DE,,gsteckel@example.com,+497568055607,MCC,2025-04-11 15:56:15,
David Jones,DE,,ruedigerkraus@example...com,+495450396194,TELE,2025-04-17 09:00:37,
Thea Gnatz,DE,,petersenmicheal@example.com,494078547245,TELE,2025-04-28 19:00:21,stefanibarth@example.org
A. Petersen,DK,,qbenjamin@example.org,87373024,TELE,2025-03-08 22:49:45,+4591753230
Mattias Horst-Peter Schacht,DE,FB25031309_R79hQdBiciD2m40k,darryljones@example.org,+4956061592,MCC,2025-04-26 08:00:40,
Ayten Lorch,DE,,deliakade@example.net,+493742554605,MCC,2025-03-13 02:49:59,deliakade@example.net
Jon Hansen,DK,,bryce10@example.com,+4596876063,MCC,2025-03-27 04:46:18,"+4592560086, Kenny84@example.org"
Mark Brown,DK,,Johannesjakobsen@example.net,+45965343,MCC,2025-03-14 08:26:18,
Mark Smith,DK,,schultzbenedikte@example.com,+4540340661,MCC,2025-03-23 20:23:59,
Cecilie Bertelsen,DK,,norgaardisabella@example.org,+4558563023,MCC,2025-02-04 21:37:30,
Asta Holst,DK,,katrine30@example.org,4511109291,TELE,2025-04-17 21:38:28,
Vivian Nissen,DK,,keith63@example.org,37796659,MCC,2025-02-12 13:55:01,
David Jones,DK,,vestergaardcirkeline@example.net,11088550,MCC,2024-10-20 16:48:17,FB25010417_Ik6J5UlUrJ2VSkKG
John Taylor,DK,,Stig31@example.com,+4574625481,MCC,2025-01-18 17:40:24,
Martina Klaus-Ulrich Rossenow,DE,,annie67@example.net,+4924492307,MCC,2025-05-31 09:30:47,
Zenia Ann Jepsen,DK,,Annemette06@example.net,+4512062985,MCC,2025-02-01 21:55:19,+4512062985
E. Jespersen,DK,,bkoch@example.org,26885311,MCC,2025-04-26 21:00:28,26885311
Caroline Lee Holm,DK,FB25011214_9WOYacaM1cnqyFZA,jorgensensvenning@example.net,99208320,MCC,2025-01-30 13:28:25,
Anders Olsn,DK,,walkerdeborah@example.org,+4550244382,TELE,2025-03-01 13:04:02,Dholm@example.net
karl-dieter drub,DE,,lachmannmarcel@example.net,+490141978635,MCC,2025-05-19 10:45:30,
Birgitte Bach,DK,,eberg@example...net,+4512341313,MCC,2024-10-15 19:17:05,+4500938536
Hilda Kensy,DE,,Aribert82@examplenet,1073779425,MCC,2025-01-13 19:58:10,
Preben Tejs Frederiksen,DK,,anthonybrown@example.net,+4516629719,MCC,2024-10-04 18:36:46,djensen@example.com
Kristine Simonsen,DK,,emma73@example.net,+4528851617,MCC,2025-02-08 23:21:54,
Wiebke Stahr,DE,,qstey@example.net,+4924103229,TELE,2025-02-03 16:55:51,
Mark Jones,DK,FB25021022_ZcXwojAEzzn6UTGT,clinesarah@example.net,+4594018769,MCC,2025-03-03 21:57:23,ronjapedersen@example.com
Ruben Hölzenbecher,DE,,simoneritter@example.com,+498152337608,MCC,2025-06-01 05:17:20,
Rosa Schultz,DK,,tschroeder@example.org,+4587728086,TELE,2025-04-21 20:14:15,
Theobald Etzold,DE,,patric83@example...org,+4958914408,MCC,2025-05-08 12:40:51,+496051339049
Yan Østergaard,DK,,norgaardemily@example...net,+4585769104,TELE,2025-03-13 22:29:00,
Viola Mortensen,DK,,Astridjeppesen@example.com,04584329,MCC,2025-02-09 20:59:59,
Kåre James Kristoffersen,DK,,ritadanielsen@example.org,+4574077818,MCC,2025-03-21 09:17:58,
Rosalinde Vollbrecht,DE,,ehoward@example.org,+491988066189,TELE,2025-03-26 12:26:44,Zklemt@example.org
William Emily Winther,DK,FB25011709_MiACCYCnIFampE60,nicole97@example.net,+72200310,MCC,2025-02-15 08:34:46,
Inna Kraus,DE,FB25012904_lKpMGZHecoqGt0Jb,driehl@example.com,+497191272322,MCC,2025-05-12 03:23:34,
T. Bien,DE,,Hartwig97@example.com,49283155,MCC,2025-04-04 21:20:47,+496811720728
karen poulsen,DK,,steve73@example...com,+4557608237,MCC,2025-05-01 07:17:48,30349850
Simon Ingrid Fris,DK,FB25011713_V1h1wuKPZ8HmIO8o,Stigandresen@example.net,+4503653964,MCC,2025-03-14 12:28:20,
Elisabeth Schmidtke,DE,FB25022210_avKLna3IyiDGwj8Y,shahn@example.com,+493356940866,MCC,2025-05-22 09:17:32,
Sonja Iben Petersen,DK,,ursulabech@example.org,+4569347321,MCC,2025-04-23 20:53:23,64895808
Majken Morten Klasen,DK,FB25011020_vMKa2qnCQTB7NFWc,kirstin44@example.org,+4573098858,MCC,2025-02-15 19:31:32,
R. Christoffersen,DK,,johnstonmaria@example.com,+4524874276,MCC,2025-03-28 07:59:58,bechojvind@exampleorg
Zofia Melanie Sadelmann,DE,,damaris36@example.com,96943178,MCC,2025-03-21 10:04:28,+494043378595
David Taylor,DK,,charles46@example.org,+4528994126,MCC,2025-04-02 16:07:35,
Kurt Ann Pedersen,DK,,sine35@example.net,+4531852273,TELE,2025-04-10 10:30:57,
Berta Berg,DK,,clund@example.net,+4598134331,MCC,2025-04-03 12:31:15,
Kira James Söding,DE,,qmargraf@example.net,36029141,MCC,2025-04-18 22:31:35,
Karl-August Patberg,DE,,theresabass@example.com,+1177656936,MCC,2025-04-25 00:28:04,
David Brown,DK,,henriksenjacobine@example.com,+4548077224,MCC,2025-02-02 05:20:16,
Inken Ditsclerin,DE,,corneliaadolph@example.org,+499656622430,MCC,2024-11-30 07:19:28,
R. Jespersen,DK,,preben10@example.com,07558099,MCC,2025-06-03 13:34:40,07558099
Rocco Henschel,DE,,gscott@example.org,7835178021,TELE,2025-02-27 13:25:16,Junkblanka@example.com
E. Kjær,DK,,ingridclausen@example.net,59614007,MCC,2024-11-09 04:43:34,
Maurizio Steinberg,DE,FB25011419_vIK8xER6BGmeAlXi,oliver33@example.org,2397468179,TELE,2025-04-09 18:11:04,
Walli Ann Bien,DE,,ronaldgriffin@example.com,62172103,TELE,2025-04-10 10:55:27,7894052672
J. Søndergaard,DK,,fowlerjohn@example.org,+4593546358,MCC,2025-04-27 22:02:42,+4593546358
sille jeppe madsen,DK,,Simonsenkim@example.net,15226251,MCC,2025-02-28 19:25:09,
Flemming Holm,DK,,odettelauridsen@example.net,+4510105670,TELE,2025-06-03 21:57:23,+4521641873
Janet Röhrdanz,DE,,loganwilliamson@example.com,+4912990649,MCC,2025-03-24 09:23:43,+498862221088
Regitse Berg,DK,,jennifer35@example.com,+4573836286,MCC,2025-02-13 20:17:47,"+4541432362, anette23@example.org"
Ian Lee Heydrich,DE,,ruppersbergerherwig@example.net,+491880308850,MCC,2025-04-29 03:23:34,
David Jones,DE,FB25012710_GVIVxx4CCS8jXo92,wthies@exampleorg,7826437631,MCC,2025-02-21 09:30:19,
Christian Eriksen,DK,,Kirstineklausen@example.com,+4557308788,MCC,2025-03-13 19:03:46,
Morten Mathiasen,DK,FB25030609_Cy6RBLClwOATSMY1,Soren25@example.com,+4564810803,TELE,2025-06-07 08:55:38,
D. Pedersen,DK,,xolesen@example.org,59341082,MCC,2024-11-07 17:45:30,
Magnus Rosa Brandt,DK,,filippanielsen@example...com,+4580956517,TELE,2025-04-04 07:34:14,
Weena Hanen,DK,,rklausen@example.org,74788097,MCC,2024-11-20 11:45:06,rklausen@example.org
Yngve Andersen,DK,FB25011023_GlKQxivSfgS4n1SL,Nbertelsen@example.net,+69131574,MCC,2025-04-07 22:35:05,Nbertelsen@example.net
Sandra Petersen,DK,,mathias88@example.org,+4507227123,MCC,2025-03-08 20:29:36,
Ofelia Andresen,DK,,nielsentroels@examplenet,+4529019384,MCC,2025-02-01 07:14:33,"02267122, nielsentroels@examplenet"
klavs marie bech,DK,,emilyravn@example.net,+4578156024,MCC,2024-11-05 19:25:21,
Sarah Jones,DK,,diamond25@example.com,+4529976098,MCC,2025-01-29 14:19:29,holmtrine@example.org
Antonina Plath,DE,,bwatson@example.com,+4904266269,TELE,2025-04-01 07:06:41,
Esther Juliana Löchel,DE,,Haenellinda@example.org,46245164,MCC,2025-02-05 13:43:41,
Elsebeth Overgaard,DK,,vyoung@example.org,+4584580665,MCC,2025-05-08 11:01:24,+4584580665
Maik James Sager,DE,FB25021820_Li9csDapEoRh6uCm,robertsjanice@example.net,+496535204134,TELE,2025-03-01 19:32:22,
Karl Dahl,DK,,nilssonchristoffer@example.com,68146965,MCC,2025-01-01 08:07:26,
Maiken James Olesen,DK,,lauramarshall@example.com,+56214750,MCC,2025-04-23 04:46:18,
O. Schmiedt,DE,,lianeditschlerin@example.com,3267184616,TELE,2025-01-03 22:27:01,
kirstin cecilie hansen,DK,,Jonathandahl@example.net,47848944,MCC,2024-10-18 08:38:47,
Jan Kjeldsn,DK,,whitetracey@example.com,+4507015014,MCC,2025-05-09 16:29:22,"51621707, schoulena@examplenet"
Johanne Koch,DK,,mille93@example.com,+4595366374,MCC,2025-04-12 07:54:59,
Abelone Bjarne Carlsen,DK,,bente19@example.com,79071498,MCC,2025-04-15 07:29:24,
Julie Ragnar Svenddsen,DK,,moorelaurie@example.org,17540838,MCC,2024-10-21 13:54:02,ajessen@example.com
David Smith,DK,,clara37@example.net,+44335550,TELE,2025-01-18 19:30:30,
Peter Mikkelsen,DK,,julian73@example.org,+4578627119,MCC,2025-05-02 17:45:30,
Valdemar Laursen,DK,,ianvasquez@example.org,93208914,TELE,2025-02-28 08:31:59,
Hans-Walter Ann Christoph,DE,,hernandezemily@example.net,+495170266658,MCC,2025-03-15 07:28:58,saban97@example.com
Bianka Hans-Walter Haering,DE,,hermighausenyvonne@example.net,96926793,MCC,2025-04-02 07:26:24,+495040175073
heidi mogens thomsen,DK,FB25010622_mei3UW4gh6QzhGZ5,rikkeandresen@example.com,+4591069403,TELE,2024-11-10 21:14:53,+4594846862
Vinzenz Bonbach,DE,,brunibudig@example.net,+491127459773,TELE,2025-01-15 18:38:28,+491127459773
Emma Taylor,DE,,jessicasherman@example.net,+492496628309,MCC,2025-04-22 18:26:13,misichersilvester@example.net
oscar lind,DK,,joshuayoung@example.org,+4537282196,MCC,2025-04-12 15:48:36,
jörg-peter gordana müller,DE,FB25011603_d0uRhdbDFTRZVzJ2,ellyjessel@example.org,4235879535,MCC,2025-03-25 02:20:08,
Karin Iben Møller,DK,,heathertanner@example.net,+4552403997,MCC,2025-02-26 02:01:47,andersengrethe@example.net
Hannah Ann Carlsen,DK,,floydmason@example.org,66429768,TELE,2025-04-03 07:12:59,lsondergaard@example.com
Ludger Dussen van,DE,,lena43@example...net,+497763510069,MCC,2024-12-04 10:54:08,
francisco friedhilde stumpf,DE,,Thies85@example.com,+1031718524,MCC,2025-06-19 07:06:49,+1031718524
Christina Brun,DK,,hsalinas@example.com,+4519913132,TELE,2025-04-09 15:30:19,jacquelinetoft@example.com
Caroline Lind,DK,,aschultz@example.net,76272525,MCC,2025-04-18 07:46:27,
Beata Dehmel,DE,,sylwia63@exampleorg,+4940213241,MCC,2025-01-12 17:23:12,
Hjalte Sørensen,DK,,vpaulsen@example.com,+4568777697,TELE,2025-03-09 10:49:05,+22627082
Sonja Kjeldsen,DK,,Magnus99@example.com,+4591826051,MCC,2025-04-13 13:28:25,
E. Gieß,DE,,bernward19@example.com,8963694467,MCC,2025-03-06 09:49:49,
Dorte Scchou,DK,,mogensenemil@exampleorg,+4508244065,MCC,2025-05-11 16:57:16,
malthe toft,DK,,johannesjohnsen@example.org,95936071,MCC,2025-03-22 08:54:38,
Nick Boris Sørensen,DK,,lwise@example.org,+45(+45)08315532,TELE,2025-03-19 16:48:17,vkrogh@example.org
Katrine Raavn,DK,,grahamandrea@example.net,75003617,TELE,2025-04-16 19:13:38,mikkel08@example.org
Sibylla Lindau,DE,,Kraushaarkarla@example.org,+4962508904,MCC,2025-03-09 10:58:14,
Marliese Renner,DE,FB25010411_RWydbXKOsCV5RhnE,ehlertanselm@example.net,+4978205146,MCC,2025-04-29 10:23:30,
Mille Dahl,DK,,dahlpaul@example.org,94444110,TELE,2025-02-18 06:55:53,
karen skov,DK,,ohermansen@example.net,18812195,TELE,2025-04-27 09:12:06,
filippa adam ravn,DK,,natasja15@example.net,+4564321101,MCC,2025-04-05 17:00:22,
L. Laursen,DK,,Grethe00@example.org,(+45)46299417,MCC,2025-01-29 20:07:03,
Marlene Jonathan Lauritsen,DK,,qberg@example.com,+4567386591,MCC,2025-04-07 22:35:05,qberg@example.com
John Smith,DK,,jespersengunhild@example.net,+4540461106,MCC,2025-03-02 07:45:54,
Sarah Taylor,DK,,janopaulsen@example.net,+4531234120,MCC,2025-03-04 23:23:52,+4511899217
Ragner Nissen,DK,,bergershawn@example.com,+4586651943,TELE,2025-02-24 16:32:27,
mille freddy jakobsen,DK,,ritt40@example.com,+46836827,MCC,2025-04-01 11:29:22,
David Jones,DK,,rasmus76@example.org,+4578955587,MCC,2025-03-18 08:49:39,
Priska Weimer,DE,,hans-juergenseidel@example.org,+498584413300,MCC,2025-03-30 18:15:12,
Heidrun Henck,DE,,cpatel@example.net,11943590,MCC,2025-02-07 15:24:48,
Marius Tanja Frederiksen,DK,,jkjaer@example.net,54714572,MCC,2025-05-30 06:05:02,
Frans Petesen,DK,,jessica01@example.net,+4544259845,MCC,2024-11-25 23:09:54,+4544259845
H. Seifert,DE,,annamariafreudenberger@example.org,1515537591,MCC,2024-11-03 11:15:06,
Kåre Cirkeline Paulsen,DK,,nwarren@example.net,+4573470510,MCC,2025-04-06 15:46:53,
Silvester Marie Schinke,DE,,zwright@example.com,+496064818536,TELE,2025-05-07 11:15:06,"+496064818536, Doerschnerernst-otto@example.org"
F. Stoll,DE,,ernst-august38@example...com,3291054482,MCC,2025-04-16 19:16:14,
Vagn Britta Friis,DK,,vagbach@example.com,69760777,MCC,2025-03-15 10:54:28,69760777
Kaspar Andersen,DK,FB25011202_6YCfg3CCl08t2bfo,winniemathiasen@example.org,+4594844505,MCC,2025-03-16 01:39:09,
Margrethe Vestergaard,DK,,Ernstlind@example.com,+4514593127,MCC,2025-04-03 21:46:47,
Gustav Hein,DE,FB25031308_YkE2gXj5IaKDlxHO,muehleveli@example.com,5575294586,MCC,2025-03-24 07:10:12,
Amalie Lindner,DE,,Schaefermaike@examplecom,6188019454,MCC,2024-12-15 07:10:12,
David Smith,DK,,solvejlaursen@example.net,02917655,MCC,2025-02-06 14:01:54,
Anke Kühnert,DE,,flantzpaul@example.com,54209920,TELE,2025-02-08 17:06:04,+494689941781
Kirstine Xenia Kalsen,DK,,kjensen@example.com,10549514,MCC,2025-04-19 21:52:16,
David Smith,DE,,Tuerkanackermann@example.com,+499774428746,MCC,2025-05-25 19:16:14,
Christina Marie Schmidt,DE,,elinke@example.com,5892263704,MCC,2025-03-29 17:45:59,
Damaris Oestrovsky,DE,,coxvanessa@example.net,+4972939433,MCC,2025-01-30 17:25:39,"42491534, isidor86@examplecom"
Gurli Laursen,DK,,marcus35@example.com,+39880725,TELE,2025-03-10 23:23:52,
Sam Sørensen,DK,,tejssorensen@example.net,+4576186625,MCC,2024-12-10 22:43:50,
Mark Jones,DE,FB25020419_R2RKerh8JoCHRzSn,marvinkelley@example.net,+8165675741,TELE,2025-03-19 18:09:28,
Jesper Iversen,DK,,ron90@example.net,+4585897382,MCC,2025-03-12 13:18:03,+4585897382
Hansgeorg Hänel,DE,,Oaumann@example.net,+497721598525,TELE,2025-04-09 11:46:26,
Inka Döhn,DE,,alexsteckel@example.net,+494187493525,MCC,2025-02-15 14:36:53,
Catherine Kensy,DE,FB25030712_VM1O6pbpZ3xpWadc,Bendersahin@example.net,8414377772,MCC,2025-03-20 14:20:40,
Edith Mathiasen,DK,,anthony02@example.com,98828042,MCC,2025-04-27 16:59:35,ukjaer@example.com
I. Faust,DE,,agnesroht@example.org,+492310269201,MCC,2025-03-13 18:02:24,
David Taylor,DK,,ichristoffersen@example.org,+03456192,MCC,2025-05-22 16:32:27,
P. Stroh,DE,,steffenpaertzelt@example.org,7950468982,MCC,2025-04-16 00:06:06,steffenpaertzelt@example.org
Ritt Madsen,DK,,hudsoncameron@example.com,67898896,MCC,2025-02-25 14:44:13,Lravn@example.com
John Wilson,DK,,tildeschultz@example.com,34654464,MCC,2024-10-08 20:08:02,
W. Seip,DE,FB25030510_QcH8oqBGTganTy9Y,gabriele39@example.com,+4954821978,TELE,2025-05-08 09:04:40,9129930466
micha bolander,DE,,oking@example.com,4897173665,MCC,2025-06-25 11:12:54,
Bianca Hermighausen,DE,,Irmhild97@example.com,+492856448120,MCC,2025-04-23 21:30:49,
harold jähn,DE,,rollinsbrian@example.net,(+49)8453958201,TELE,2025-02-10 18:04:02,
Gunnar Rasmussen,DK,,derek08@example.com,+4510748046,MCC,2025-01-26 16:37:45,"00358367, postergaard@example.org"
Caroline Nørgaard,DK,,christopher97@example.com,39534349,TELE,2025-03-26 16:33:55,
Monika Hermann,DE,,lweller@example.com,5786591681,MCC,2025-04-23 12:51:42,
Andree Galina Grein Groth,DE,,bettina09@example.com,+4960569857,TELE,2025-04-23 07:18:48,+499528516454
P. Drub,DE,,yasemin72@example.net,+498102413518,MCC,2025-02-12 20:43:38,yasemin72@example.net
Richardt Lind,DK,,Eolesen@example.com,18212651,MCC,2025-02-15 04:07:17,20225251
H. Mortensen,DK,,morganclark@example.net,+89227394,MCC,2025-05-23 20:31:44,stine74@example.net
Danny Ann Henriksen,DK,,llauritsen@example.com,+4543530847,MCC,2025-01-24 09:17:58,69851429
Gitte Steinberg,DE,,miroslawa61@example.org,+4980274961,MCC,2025-04-30 19:07:26,
Catherine Kensy,DE,FB25030712_VM1O6pbpZ3xpWadc,Bendersahin@example.net,8414377772,MCC,2025-03-14 11:24:49,
Christiana Seidel,DE,,Doerschnermonica@example.com,+6864237642,MCC,2025-04-11 08:46:56,
Patric Roht,DE,,cpham@example.com,72209328,MCC,2025-05-31 09:17:32,biggenasta@example.org
Odeline Grete Søndergaard,DK,,jakobsenlouise@example.org,+4585562109,MCC,2025-03-08 17:07:14,
John Wilson,DE,,taguirre@example.com,+5001539173,MCC,2025-04-03 14:56:26,
Einar Koch,DK,,jenniferwhite@example.org,+4585198506,MCC,2025-03-13 14:56:10,nikolai78@example.org
Steven Birger Berg,DK,,jonrasmussen@example.org,+4532349205,TELE,2025-04-14 05:24:24,"+4545585510, jonrasmussen@example.org"
Poul Morten Friis,DK,,samuelmiller@example.net,49968774,MCC,2024-12-13 07:06:04,"49968774, leifolesen@example.org"
Käthe Mende,DE,,haleywilliamson@example.com,+496149812479,MCC,2025-03-11 18:11:04,Hessfriedl@example.com
Laura Zelma Karlsen,DK,,laurits94@examplecom,85142903,MCC,2025-04-01 20:49:04,
Pernille Winther,DK,,kabbott@example.com,+4516494215,MCC,2025-03-13 07:01:38,
Alex Laursen,DK,,ydaovergaard@example.net,+4556617608,MCC,2025-01-23 22:14:12,
Jan Østergaard,DK,,Gertlauritsen@example.net,+4500649749,MCC,2025-04-07 19:16:23,
Alfredo Rena Cichorius,DE,,jacquelinesingleton@example.org,+495856050221,TELE,2025-03-31 20:34:36,Hadolph@example.net
Jonas Kramer,DE,,guiseppe32@example.org,86695248,TELE,2024-12-08 06:27:52,
Friedbert Trapp,DE,FB25030906_BCSwMiJwx0SWlw5M,hasangertz@example.com,+4908557087,MCC,2025-06-02 05:53:54,
Karlo Lee Bruun,DK,,laura50@example.org,+4594198911,TELE,2025-03-17 10:54:28,stina92@example.org
Camilla Kjær,DK,FB25011610_c54QrKEHSIhOBgyY,qsmith@example.net,+4595038810,TELE,2025-05-05 09:06:56,Ove36@example.org
Johnnie Hermansen,DK,,ove85@example.com,+4586740709,MCC,2025-02-09 22:01:37,
Paul Karen Thorsen,DK,,villadsschmidt@example.net,15214606,TELE,2025-03-24 19:16:26,
S. Nielsen,DK,,oscar02@example.org,+4562122049,MCC,2025-02-12 11:40:53,
Ingeburg Döhn,DE,,upruschke@example.org,(+49)2153614321,TELE,2025-04-05 09:58:21,(+49)2153614321
simon agnieszka kruschwitz,DE,,marliesehellwig@example.com,+497142301460,MCC,2025-03-17 22:33:38,
Dina Bach,DK,,nataliediaz@example.net,54121814,MCC,2025-04-20 08:25:31,Kim28@example.net
Stephan Schweitzzer,DE,,jose42@example.com,+497740753019,MCC,2025-06-06 07:34:16,trosenow@example.net
Thorben Nooack,DE,,zschinke@example.com,3202352497,TELE,2025-03-03 07:43:01,
Sarah Jones,DK,,Mia70@example.com,49472316,TELE,2024-10-17 10:40:16,+4565728526
Mark Jones,DE,,marc78@example.org,9642242092,TELE,2025-06-19 08:51:05,
G. Stadelmann,DE,,antoninakaul@example.com,+492239205062,MCC,2025-04-27 19:01:44,
Rune Marie Vestergaard,DK,,kandreasen@example...net,+4509605198,TELE,2025-02-04 09:42:20,kandreasen@example.net
James Danielsen,DK,,Wintherisabella@example.net,+4560781902,MCC,2025-01-26 06:25:41,
S. Huhn,DE,FB25031823_urJDCiDIM3LPAxju,jessica52@example.org,+495161854040,TELE,2025-07-02 22:15:48,
Silje Richard Danielsen,DK,,lindrita@example.org,+4586211137,MCC,2025-02-16 11:37:01,lindrita@example.org
John Wilson,DK,FB25012017_oacx49awsJiY8k9e,mikkelseninge@example.com,"63016831, +4514574825",MCC,2025-02-08 16:51:25,
Antonio Kati Hahn,DE,,hellmuthpaffrath@examplecom,+495752939445,MCC,2025-05-06 03:38:37,
N. Juncken,DE,FB25030108_MM7m9s0YS7pFX56R,newtonmichael@example.net,+49(+49)2353044973,TELE,2025-04-23 07:06:49,heinrichandrei@example.com
Mark Jones,DK,,candreasen@example.com,+4526331763,MCC,2025-04-22 12:28:20,
riza cetin schmidt,DE,FB25012014_k1GDK5dtIW7B9qhg,tamarabaum@example.com,+497569359513,MCC,2025-04-06 13:03:03,
Josefine Rikke Gregersen,DK,,harpermolly@example.net,+4547343712,MCC,2025-03-01 13:51:36,+4547343712
Emma Wilson,DE,,ashleyblanchard@example.org,(+49)6699047635,MCC,2024-11-10 00:40:12,
Arne Steffensen,DK,FB25030621_3jNb9aYwyFYNUpdm,poulsenjan@example.com,+4590772833,TELE,2025-04-11 20:15:06,+4590772833
Maya Nilsson,DK,,frandsenclaus@example.com,09544590,MCC,2025-03-24 16:05:36,
Hanni Täsche,DE,,clarissakambs@example.org,+4968661287,MCC,2025-04-17 18:54:45,
Isabella Winnie Christoffersen,DK,,laustlaursen@example...org,+4593925292,TELE,2025-04-17 15:51:21,+4593925292
Mark Smith,DE,,jonathan79@example.org,37804957,MCC,2025-01-21 22:18:45,
Jochem Mentzel,DE,,heinz-peterritter@example.net,9446245026,TELE,2025-06-26 13:59:21,
Clara Jano Møller,DK,,jfrandsen@examplenet,+61714999,MCC,2025-05-21 22:57:50,
F. Ziegert,DE,FB25021109_F0g9eQ0UuEwq709O,jaehnheinz-willi@example.net,+4560786679,MCC,2025-02-20 08:46:56,jaehnheinz-willi@example.net
Freddy Maya Jeensen,DK,,breyes@example.com,84865892,MCC,2024-12-18 20:48:36,
Emma Smith,DK,,lewisjeremy@example.com,77939507,MCC,2025-04-18 20:41:47,maiken96@example.net
Sarah Jones,DK,,lholst@example.net,+07452544,MCC,2025-04-15 12:52:55,
D. Jørgensen,DK,,ehenry@example.net,18270763,MCC,2025-03-27 18:55:48,
bettina trubin,DE,FB25030111_Q6ESUOCVT87LfJhH,azizschleich@example.net,+496028614973,MCC,2025-04-06 10:58:14,
Willfried Butte,DE,,ashley96@example.com,+499898885650,TELE,2025-03-14 14:21:15,dlinke@example.com
Tommy Mathiesen,DK,,ulfschultz@example.org,+4595302996,MCC,2024-12-15 06:02:45,+4562377761
Claudio Höfig,DE,FB25030618_ud1hQJEIJyeRlH9S,egonkobelt@example.net,+492865491960,MCC,2025-06-21 17:42:34,egonkobelt@example.net
O. Nørgaard,DK,,xvestergaard@example.org,86216912,MCC,2025-03-03 17:26:40,
Rikke Poulsen,DK,,oliviajohnsen@example.org,08690935,MCC,2025-03-14 12:04:45,
James Flemming Olesen,DK,,lskov@example.com,+4573595961,MCC,2025-02-02 22:29:00,
Ira Heydrich,DE,,Fjohann@example.org,2041105864,MCC,2025-05-15 07:26:05,
Dimitrios Jacob,DE,,juergen43@example.net,+1917115962,TELE,2025-04-29 18:54:45,
